--CLEAR ALL TABLES


DELETE FROM apparatus_announcements;
DELETE FROM contestant_applications;
DELETE FROM age_categories;
DELETE FROM delegation_member_propositions;
DELETE FROM judge_applications;
DELETE FROM competitions;
DELETE FROM contestants; 
DELETE FROM judges;
DELETE FROM sports_organizations;
DELETE FROM addresses;
DELETE FROM delegation_member_applications;
--DELETE FROM delegation_member_positions ; we keep it because it will never change and i don't want to initialize it everytime
DELETE FROM delegation_members;
DELETE FROM team_compositions;

-- IMPORT DATA

INSERT INTO public.team_compositions (id,base_contestant_number,bonus_contestant_number,multi_category_team) VALUES
	 ('035ae117-33a2-11ee-812d-0242ac12000a',3,1,false),
	 ('6c969298-33a5-11ee-812d-0242ac12000a',3,1,false),
	 ('c889e904-33f4-11ee-812d-0242ac12000a',3,1,false),
	 ('eb673e6f-3433-11ee-812d-0242ac12000a',3,1,false);

  -- INSERT INTO public.delegation_member_positions (id,"name") VALUES
  --('a7934c7f-4293-4877-90f1-6fc7f784185c','judge'),
  --('8a7d23af-28a1-44b6-bfaf-5024f41821af','contestant');


	
INSERT INTO public.addresses (id,country,city,street,street_number) VALUES
	 ('4ea08568-3229-11ee-812d-0242ac12000a','Serbia','Novi Sad','Ignjata Pavlasa','2-4'),
	 ('80009b85-322a-11ee-812d-0242ac12000a','Serbia','Novi Sad','Ignjata Pavlasa','2-4'),
	 ('c862da31-322a-11ee-812d-0242ac12000a','Hungary','Budapest','Széchenyi István tér','9'),
	 ('f70893b2-322a-11ee-812d-0242ac12000a','Russia','Moscow','Leningradsky Prospekt ','39'),
	 ('58bf917d-322b-11ee-812d-0242ac12000a','United States','Phoenix','5th Avenue','78'),
	 ('bb0f2713-33a0-11ee-812d-0242ac12000a','Serbia','Belgrade','Uspenska','4'),
	 ('eeb6cc6b-33a0-11ee-812d-0242ac12000a','Serbia','Belgrade','Karađorđeva','17'),
	 ('988b0818-33a1-11ee-812d-0242ac12000a','Hungary','Szeged','Fő utca','13'),
	 ('035ae115-33a2-11ee-812d-0242ac12000a','Serbia','Novi Sad','Ignjata Pavlasa','2-4'),
	 ('6c969296-33a5-11ee-812d-0242ac12000a','Serbia','Novi Sad ','Radnička','10'),
	 ('c889e903-33f4-11ee-812d-0242ac12000a','Serbia','Novi Sad','Melhior Erdujheljia','12'),
	 ('eb673e6d-3433-11ee-812d-0242ac12000a','Serbia','Kostolac','Prokopska','81');

	
INSERT INTO public.sports_organizations (id,"name",email,phone_number,contact_person_full_name,competition_organising_privilege,address_id) VALUES
	 ('80009b81-322a-11ee-812d-0242ac12000a','Sokolsko Društvo Vojvodina','sdv@gmail.com','+3816540978','Geza Mikes',true,'80009b85-322a-11ee-812d-0242ac12000a'),
	 ('c862da2c-322a-11ee-812d-0242ac12000a','Magyar Sport Egyesület','mse@gmail.com','+36123456789','János Kovács',false,'c862da31-322a-11ee-812d-0242ac12000a'),
	 ('f70893b0-322a-11ee-812d-0242ac12000a','Спортивное Общество России','sports_rus@gmail.com','+79101234567','Ivan Petrov',false,'f70893b2-322a-11ee-812d-0242ac12000a'),
	 ('58bf9179-322b-11ee-812d-0242ac12000a','Arizona Gymnastics','agym@gmail.com','+14112378412','John Smith',false,'58bf917d-322b-11ee-812d-0242ac12000a'),
	 ('bb0f2710-33a0-11ee-812d-0242ac12000a','Gimnastički Klub Pobednik','bg1@gmail.com','+3816547315','Stefan Mihailović',false,'bb0f2713-33a0-11ee-812d-0242ac12000a'),
	 ('eeb6cc66-33a0-11ee-812d-0242ac12000a','GImnastički Klub Crvena Zvezda','bg2@gmail.com','+3817560293','Kristina Ivančević',false,'eeb6cc6b-33a0-11ee-812d-0242ac12000a'),
	 ('988b0815-33a1-11ee-812d-0242ac12000a','Kristian Berki Gimnasztikai Klub','hun2@gmail.com','+361987614','Péter Nagy',false,'988b0818-33a1-11ee-812d-0242ac12000a');

	
INSERT INTO public.judges (id,full_name,email,gender,position_id,image,sports_organization_id,licence_type,licence_name) VALUES
	 ('f01a8257-32f1-11ee-812d-0242ac12000a','Jelena Petrović','gcotrener+1@gmail.com',1,'a7934c7f-4293-4877-90f1-6fc7f784185c',NULL,'80009b81-322a-11ee-812d-0242ac12000a',1,'Professional Licence'),
	 ('f01a8258-32f1-11ee-812d-0242ac12000a','Milica Đukić','gcotrener+2@gmail.com',1,'a7934c7f-4293-4877-90f1-6fc7f784185c',NULL,'80009b81-322a-11ee-812d-0242ac12000a',0,'Amateur Licence'),
	 ('f01a8259-32f1-11ee-812d-0242ac12000a','Ana Stanković','gcotrener+3@gmail.com',1,'a7934c7f-4293-4877-90f1-6fc7f784185c',NULL,'80009b81-322a-11ee-812d-0242ac12000a',1,'Level 1 Licence'),
	 ('f01a825a-32f1-11ee-812d-0242ac12000a','Jovana Nikolić','gcotrener+4@gmail.com',1,'a7934c7f-4293-4877-90f1-6fc7f784185c',NULL,'80009b81-322a-11ee-812d-0242ac12000a',0,'Novice Licence'),
	 ('f01a825b-32f1-11ee-812d-0242ac12000a','Katalin Horváth','gcotrener+5@gmail.com',1,'a7934c7f-4293-4877-90f1-6fc7f784185c',NULL,'c862da2c-322a-11ee-812d-0242ac12000a',1,'Professional Licence'),
	 ('f01a825c-32f1-11ee-812d-0242ac12000a','Dóra Kovács','gcotrener+6@gmail.com',1,'a7934c7f-4293-4877-90f1-6fc7f784185c',NULL,'c862da2c-322a-11ee-812d-0242ac12000a',0,'Amateur Licence'),
	 ('f01a825d-32f1-11ee-812d-0242ac12000a','Eszter Szabó','gcotrener+7@gmail.com',1,'a7934c7f-4293-4877-90f1-6fc7f784185c',NULL,'c862da2c-322a-11ee-812d-0242ac12000a',1,'Level 1 Licence'),
	 ('f01a825e-32f1-11ee-812d-0242ac12000a','Zsuzsanna Varga','gcotrener+8@gmail.com',1,'a7934c7f-4293-4877-90f1-6fc7f784185c',NULL,'c862da2c-322a-11ee-812d-0242ac12000a',0,'Novice Licence'),
	 ('f01a825f-32f1-11ee-812d-0242ac12000a','Anastasia Ivanova','gcotrener+9@gmail.com',1,'a7934c7f-4293-4877-90f1-6fc7f784185c',NULL,'f70893b0-322a-11ee-812d-0242ac12000a',1,'Professional Licence'),
	 ('f01a8260-32f1-11ee-812d-0242ac12000a','Ekaterina Petrova','gcotrener+10@gmail.com',1,'a7934c7f-4293-4877-90f1-6fc7f784185c',NULL,'f70893b0-322a-11ee-812d-0242ac12000a',0,'Amateur Licence'),
	 ('f01a8261-32f1-11ee-812d-0242ac12000a','Marina Sokolova','gcotrener+11@gmail.com',1,'a7934c7f-4293-4877-90f1-6fc7f784185c',NULL,'f70893b0-322a-11ee-812d-0242ac12000a',1,'Level 1 Licence'),
	 ('f01a8262-32f1-11ee-812d-0242ac12000a','Olga Popova','gcotrener+12@gmail.com',1,'a7934c7f-4293-4877-90f1-6fc7f784185c',NULL,'f70893b0-322a-11ee-812d-0242ac12000a',0,'Novice Licence'),
	 ('f01a8263-32f1-11ee-812d-0242ac12000a','Emily Johnson','gcotrener+13@gmail.com',1,'a7934c7f-4293-4877-90f1-6fc7f784185c',NULL,'58bf9179-322b-11ee-812d-0242ac12000a',1,'Professional Licence'),
	 ('f01a8264-32f1-11ee-812d-0242ac12000a','Jessica Williams','gcotrener+14@gmail.com',1,'a7934c7f-4293-4877-90f1-6fc7f784185c',NULL,'58bf9179-322b-11ee-812d-0242ac12000a',0,'Amateur Licence'),
	 ('f01a8265-32f1-11ee-812d-0242ac12000a','Sarah Brown','gcotrener+15@gmail.com',1,'a7934c7f-4293-4877-90f1-6fc7f784185c',NULL,'58bf9179-322b-11ee-812d-0242ac12000a',1,'Level 1 Licence'),
	 ('f01a8266-32f1-11ee-812d-0242ac12000a','Elizabeth Miller','gcotrener+16@gmail.com',1,'a7934c7f-4293-4877-90f1-6fc7f784185c',NULL,'58bf9179-322b-11ee-812d-0242ac12000a',0,'Novice Licence');

INSERT INTO public.contestants (id,full_name,email,gender,position_id,image,sports_organization_id,date_of_birth) VALUES
	 ('e385b3ff-33a2-11ee-812d-0242ac12000a','Anđela Đurđević','andjel@gmail.com',1,'8a7d23af-28a1-44b6-bfaf-5024f41821af','','bb0f2710-33a0-11ee-812d-0242ac12000a','2023-08-05 17:14:41+02'),
	 ('2f2c6543-33a3-11ee-812d-0242ac12000a','Aleksandra Rajčić','saska@gmail.com',1,'8a7d23af-28a1-44b6-bfaf-5024f41821af','','eeb6cc66-33a0-11ee-812d-0242ac12000a','2023-08-05 17:17:02+02'),
	 ('6b0afab0-33a3-11ee-812d-0242ac12000a','Zsofia Folo','zso@gmail.com',0,'8a7d23af-28a1-44b6-bfaf-5024f41821af','','988b0815-33a1-11ee-812d-0242ac12000a','2023-08-05 17:18:29+02'),
	 ('00112248-3230-11ee-812d-0242ac12000a','Mina Đukić','mina.djukic@example.com',1,'8a7d23af-28a1-44b6-bfaf-5024f41821af',NULL,'80009b81-322a-11ee-812d-0242ac12000a','1998-06-12 01:00:00+02'),
	 ('0011224a-3230-11ee-812d-0242ac12000a','Jovana Petrović','jovana.petrovic@example.com',1,'8a7d23af-28a1-44b6-bfaf-5024f41821af',NULL,'80009b81-322a-11ee-812d-0242ac12000a','1997-09-05 01:00:00+02'),
	 ('0011224d-3230-11ee-812d-0242ac12000a','Mila Stanković','mila.stankovic@example.com',1,'8a7d23af-28a1-44b6-bfaf-5024f41821af',NULL,'80009b81-322a-11ee-812d-0242ac12000a','1996-08-20 01:00:00+02'),
	 ('0011224f-3230-11ee-812d-0242ac12000a','Jelena Nikolić','jelena.nikolic@example.com',1,'8a7d23af-28a1-44b6-bfaf-5024f41821af',NULL,'80009b81-322a-11ee-812d-0242ac12000a','2000-05-15 01:00:00+02'),
	 ('00112250-3230-11ee-812d-0242ac12000a','Ivana Marković','ivana.markovic@example.com',1,'8a7d23af-28a1-44b6-bfaf-5024f41821af',NULL,'80009b81-322a-11ee-812d-0242ac12000a','1994-12-30 00:00:00+01'),
	 ('00112251-3230-11ee-812d-0242ac12000a','Maja Stojanović','maja.stojanovic@example.com',1,'8a7d23af-28a1-44b6-bfaf-5024f41821af',NULL,'80009b81-322a-11ee-812d-0242ac12000a','1999-10-25 01:00:00+02'),
	 ('00112252-3230-11ee-812d-0242ac12000a','Ana Janković','ana.jankovic@example.com',1,'8a7d23af-28a1-44b6-bfaf-5024f41821af',NULL,'80009b81-322a-11ee-812d-0242ac12000a','1995-11-02 00:00:00+01'),
	 ('00112253-3230-11ee-812d-0242ac12000a','Elena Đorđević','elena.djordjevic@example.com',1,'8a7d23af-28a1-44b6-bfaf-5024f41821af',NULL,'80009b81-322a-11ee-812d-0242ac12000a','1998-03-18 00:00:00+01'),
	 ('00112254-3230-11ee-812d-0242ac12000a','Zsófia Nagy','zsofia.nagy@example.com',1,'8a7d23af-28a1-44b6-bfaf-5024f41821af',NULL,'c862da2c-322a-11ee-812d-0242ac12000a','1998-06-12 01:00:00+02'),
	 ('00112255-3230-11ee-812d-0242ac12000a','Lili Kovács','lili.kovacs@example.com',1,'8a7d23af-28a1-44b6-bfaf-5024f41821af',NULL,'c862da2c-322a-11ee-812d-0242ac12000a','1997-09-05 01:00:00+02'),
	 ('00112256-3230-11ee-812d-0242ac12000a','Emília Varga','emilia.varga@example.com',1,'8a7d23af-28a1-44b6-bfaf-5024f41821af',NULL,'c862da2c-322a-11ee-812d-0242ac12000a','1996-08-20 01:00:00+02'),
	 ('00112257-3230-11ee-812d-0242ac12000a','Zsuzsanna Farkas','zsuzsanna.farkas@example.com',1,'8a7d23af-28a1-44b6-bfaf-5024f41821af',NULL,'c862da2c-322a-11ee-812d-0242ac12000a','2000-05-15 01:00:00+02'),
	 ('00112258-3230-11ee-812d-0242ac12000a','Borbála Balogh','borbala.balogh@example.com',1,'8a7d23af-28a1-44b6-bfaf-5024f41821af',NULL,'c862da2c-322a-11ee-812d-0242ac12000a','1994-12-30 00:00:00+01'),
	 ('00112259-3230-11ee-812d-0242ac12000a','Dóra Molnár','dora.molnar@example.com',1,'8a7d23af-28a1-44b6-bfaf-5024f41821af',NULL,'c862da2c-322a-11ee-812d-0242ac12000a','1999-10-25 01:00:00+02'),
	 ('0011225a-3230-11ee-812d-0242ac12000a','Katalin Papp','katalin.papp@example.com',1,'8a7d23af-28a1-44b6-bfaf-5024f41821af',NULL,'c862da2c-322a-11ee-812d-0242ac12000a','1995-11-02 00:00:00+01'),
	 ('0011225b-3230-11ee-812d-0242ac12000a','Réka Oláh','reka.olah@example.com',1,'8a7d23af-28a1-44b6-bfaf-5024f41821af',NULL,'c862da2c-322a-11ee-812d-0242ac12000a','1998-03-18 00:00:00+01'),
	 ('0011225c-3230-11ee-812d-0242ac12000a','Анастасия Иванова','anastasia.ivanova@example.com',1,'8a7d23af-28a1-44b6-bfaf-5024f41821af',NULL,'f70893b0-322a-11ee-812d-0242ac12000a','1998-06-12 01:00:00+02'),
	 ('0011225d-3230-11ee-812d-0242ac12000a','Екатерина Смирнова','ekaterina.smirnova@example.com',1,'8a7d23af-28a1-44b6-bfaf-5024f41821af',NULL,'f70893b0-322a-11ee-812d-0242ac12000a','1997-09-05 01:00:00+02'),
	 ('0011225e-3230-11ee-812d-0242ac12000a','Ольга Федорова','olga.fedorova@example.com',1,'8a7d23af-28a1-44b6-bfaf-5024f41821af',NULL,'f70893b0-322a-11ee-812d-0242ac12000a','1996-08-20 01:00:00+02'),
	 ('0011225f-3230-11ee-812d-0242ac12000a','Светлана Петрова','svetlana.petrova@example.com',1,'8a7d23af-28a1-44b6-bfaf-5024f41821af',NULL,'f70893b0-322a-11ee-812d-0242ac12000a','2000-05-15 01:00:00+02'),
	 ('00112260-3230-11ee-812d-0242ac12000a','Ирина Соколова','irina.sokolova@example.com',1,'8a7d23af-28a1-44b6-bfaf-5024f41821af',NULL,'f70893b0-322a-11ee-812d-0242ac12000a','1994-12-30 00:00:00+01'),
	 ('00112261-3230-11ee-812d-0242ac12000a','Александра Кузнецова','alexandra.kuznetsova@example.com',1,'8a7d23af-28a1-44b6-bfaf-5024f41821af',NULL,'f70893b0-322a-11ee-812d-0242ac12000a','1999-10-25 01:00:00+02'),
	 ('00112262-3230-11ee-812d-0242ac12000a','Елена Михайлова','elena.mikhailova@example.com',1,'8a7d23af-28a1-44b6-bfaf-5024f41821af',NULL,'f70893b0-322a-11ee-812d-0242ac12000a','1995-11-02 00:00:00+01'),
	 ('00112263-3230-11ee-812d-0242ac12000a','Мария Волкова','maria.volkova@example.com',1,'8a7d23af-28a1-44b6-bfaf-5024f41821af',NULL,'f70893b0-322a-11ee-812d-0242ac12000a','1998-03-18 00:00:00+01'),
	 ('00112264-3230-11ee-812d-0242ac12000a','Emma Johnson','emma.johnson@example.com',1,'8a7d23af-28a1-44b6-bfaf-5024f41821af',NULL,'58bf9179-322b-11ee-812d-0242ac12000a','1998-06-12 01:00:00+02'),
	 ('00112265-3230-11ee-812d-0242ac12000a','Olivia Williams','olivia.williams@example.com',1,'8a7d23af-28a1-44b6-bfaf-5024f41821af',NULL,'58bf9179-322b-11ee-812d-0242ac12000a','1997-09-05 01:00:00+02'),
	 ('00112266-3230-11ee-812d-0242ac12000a','Ava Smith','ava.smith@example.com',1,'8a7d23af-28a1-44b6-bfaf-5024f41821af',NULL,'58bf9179-322b-11ee-812d-0242ac12000a','1996-08-20 01:00:00+02'),
	 ('00112267-3230-11ee-812d-0242ac12000a','Sophia Brown','sophia.brown@example.com',1,'8a7d23af-28a1-44b6-bfaf-5024f41821af',NULL,'58bf9179-322b-11ee-812d-0242ac12000a','2000-05-15 01:00:00+02'),
	 ('00112268-3230-11ee-812d-0242ac12000a','Isabella Miller','isabella.miller@example.com',1,'8a7d23af-28a1-44b6-bfaf-5024f41821af',NULL,'58bf9179-322b-11ee-812d-0242ac12000a','1994-12-30 00:00:00+01'),
	 ('00112269-3230-11ee-812d-0242ac12000a','Mia Davis','mia.davis@example.com',1,'8a7d23af-28a1-44b6-bfaf-5024f41821af',NULL,'58bf9179-322b-11ee-812d-0242ac12000a','1999-10-25 01:00:00+02'),
	 ('0011226a-3230-11ee-812d-0242ac12000a','Amelia Wilson','amelia.wilson@example.com',1,'8a7d23af-28a1-44b6-bfaf-5024f41821af',NULL,'58bf9179-322b-11ee-812d-0242ac12000a','1995-11-02 00:00:00+01'),
	 ('0011226b-3230-11ee-812d-0242ac12000a','Harper Anderson','harper.anderson@example.com',1,'8a7d23af-28a1-44b6-bfaf-5024f41821af',NULL,'58bf9179-322b-11ee-812d-0242ac12000a','1998-03-18 00:00:00+01');

INSERT INTO public.competitions (id,"name",start_date,end_date,gender,"type",tiebreak,address_id,organizer_id,team_composition_id) VALUES
	 ('035ae10f-33a2-11ee-812d-0242ac12000a','City/Country example','2023-08-05 17:06:34+02','2023-08-05 17:06:34+02',1,3,false,'035ae115-33a2-11ee-812d-0242ac12000a','80009b81-322a-11ee-812d-0242ac12000a','035ae117-33a2-11ee-812d-0242ac12000a'),
	 ('6c969292-33a5-11ee-812d-0242ac12000a','Min waiting example','2023-08-05 17:32:57+02','2023-08-05 17:32:57+02',0,3,false,'6c969296-33a5-11ee-812d-0242ac12000a','80009b81-322a-11ee-812d-0242ac12000a','6c969298-33a5-11ee-812d-0242ac12000a'),
	 ('c889e900-33f4-11ee-812d-0242ac12000a','Memorijal Laza Krstić Marica Dzelatović','2023-08-31 00:00:00+02','2023-08-31 00:00:00+02',1,3,false,'c889e903-33f4-11ee-812d-0242ac12000a','80009b81-322a-11ee-812d-0242ac12000a','c889e904-33f4-11ee-812d-0242ac12000a'),
	 ('eb673e67-3433-11ee-812d-0242ac12000a','Live scoring example','2023-08-24 00:00:00+02','2023-08-24 00:00:00+02',1,3,false,'eb673e6d-3433-11ee-812d-0242ac12000a','80009b81-322a-11ee-812d-0242ac12000a','eb673e6f-3433-11ee-812d-0242ac12000a');


	
INSERT INTO public.judge_applications (id,competition_id,judge_id) VALUES
	 ('fd9c3097-33f4-11ee-812d-0242ac12000a','c889e900-33f4-11ee-812d-0242ac12000a','f01a8257-32f1-11ee-812d-0242ac12000a'),
	 ('fe734172-33f4-11ee-812d-0242ac12000a','c889e900-33f4-11ee-812d-0242ac12000a','f01a8258-32f1-11ee-812d-0242ac12000a'),
	 ('ff2fe8b1-33f4-11ee-812d-0242ac12000a','c889e900-33f4-11ee-812d-0242ac12000a','f01a8259-32f1-11ee-812d-0242ac12000a'),
	 ('ffe261f5-33f4-11ee-812d-0242ac12000a','c889e900-33f4-11ee-812d-0242ac12000a','f01a825a-32f1-11ee-812d-0242ac12000a'),
	 ('a221a7dd-3431-11ee-812d-0242ac12000a','c889e900-33f4-11ee-812d-0242ac12000a','f01a8263-32f1-11ee-812d-0242ac12000a'),
	 ('a36223c8-3431-11ee-812d-0242ac12000a','c889e900-33f4-11ee-812d-0242ac12000a','f01a8264-32f1-11ee-812d-0242ac12000a'),
	 ('a4059326-3431-11ee-812d-0242ac12000a','c889e900-33f4-11ee-812d-0242ac12000a','f01a8265-32f1-11ee-812d-0242ac12000a'),
	 ('a4982486-3431-11ee-812d-0242ac12000a','c889e900-33f4-11ee-812d-0242ac12000a','f01a8266-32f1-11ee-812d-0242ac12000a'),
	 ('e1636e10-3431-11ee-812d-0242ac12000a','c889e900-33f4-11ee-812d-0242ac12000a','f01a825f-32f1-11ee-812d-0242ac12000a'),
	 ('e23bbad0-3431-11ee-812d-0242ac12000a','c889e900-33f4-11ee-812d-0242ac12000a','f01a8260-32f1-11ee-812d-0242ac12000a'),
	 ('e2ec8e7b-3431-11ee-812d-0242ac12000a','c889e900-33f4-11ee-812d-0242ac12000a','f01a8261-32f1-11ee-812d-0242ac12000a'),
	 ('e39d5e0a-3431-11ee-812d-0242ac12000a','c889e900-33f4-11ee-812d-0242ac12000a','f01a8262-32f1-11ee-812d-0242ac12000a'),
	 ('1d98377c-3432-11ee-812d-0242ac12000a','c889e900-33f4-11ee-812d-0242ac12000a','f01a825b-32f1-11ee-812d-0242ac12000a'),
	 ('1e26b352-3432-11ee-812d-0242ac12000a','c889e900-33f4-11ee-812d-0242ac12000a','f01a825c-32f1-11ee-812d-0242ac12000a'),
	 ('1ed03e87-3432-11ee-812d-0242ac12000a','c889e900-33f4-11ee-812d-0242ac12000a','f01a825d-32f1-11ee-812d-0242ac12000a'),
	 ('1f93e42a-3432-11ee-812d-0242ac12000a','c889e900-33f4-11ee-812d-0242ac12000a','f01a825e-32f1-11ee-812d-0242ac12000a'),
	 ('bf6be1cc-3435-11ee-812d-0242ac12000a','eb673e67-3433-11ee-812d-0242ac12000a','f01a825b-32f1-11ee-812d-0242ac12000a'),
	 ('c047e233-3435-11ee-812d-0242ac12000a','eb673e67-3433-11ee-812d-0242ac12000a','f01a825c-32f1-11ee-812d-0242ac12000a'),
	 ('c7883880-3435-11ee-812d-0242ac12000a','eb673e67-3433-11ee-812d-0242ac12000a','f01a8257-32f1-11ee-812d-0242ac12000a'),
	 ('c86e137c-3435-11ee-812d-0242ac12000a','eb673e67-3433-11ee-812d-0242ac12000a','f01a8258-32f1-11ee-812d-0242ac12000a'),
	 ('d524e22c-3435-11ee-812d-0242ac12000a','eb673e67-3433-11ee-812d-0242ac12000a','f01a825f-32f1-11ee-812d-0242ac12000a'),
	 ('d6794406-3435-11ee-812d-0242ac12000a','eb673e67-3433-11ee-812d-0242ac12000a','f01a8260-32f1-11ee-812d-0242ac12000a');

INSERT INTO public.delegation_member_propositions (id,position_id,min_number,max_number,competition_id) VALUES
	 ('cd50e84d-33f4-11ee-812d-0242ac12000a','a7934c7f-4293-4877-90f1-6fc7f784185c',1,4,'c889e900-33f4-11ee-812d-0242ac12000a'),
	 ('d2455267-33f4-11ee-812d-0242ac12000a','8a7d23af-28a1-44b6-bfaf-5024f41821af',2,10,'c889e900-33f4-11ee-812d-0242ac12000a'),
	 ('08873bb5-33a2-11ee-812d-0242ac12000a','a7934c7f-4293-4877-90f1-6fc7f784185c',1,4,'035ae10f-33a2-11ee-812d-0242ac12000a'),
	 ('0b4fd7b1-33a2-11ee-812d-0242ac12000a','8a7d23af-28a1-44b6-bfaf-5024f41821af',2,4,'035ae10f-33a2-11ee-812d-0242ac12000a'),
	 ('f1337b08-3433-11ee-812d-0242ac12000a','a7934c7f-4293-4877-90f1-6fc7f784185c',1,4,'eb673e67-3433-11ee-812d-0242ac12000a'),
	 ('701177ca-33a5-11ee-812d-0242ac12000a','a7934c7f-4293-4877-90f1-6fc7f784185c',1,3,'6c969292-33a5-11ee-812d-0242ac12000a'),
	 ('7280ed32-33a5-11ee-812d-0242ac12000a','8a7d23af-28a1-44b6-bfaf-5024f41821af',2,4,'6c969292-33a5-11ee-812d-0242ac12000a');

INSERT INTO public.age_categories (id,"name",min_age,max_age,competition_id) VALUES
	 ('d9af2d93-33f4-11ee-812d-0242ac12000a','Juniors',1,16,'c889e900-33f4-11ee-812d-0242ac12000a'),
	 ('e3023d95-33f4-11ee-812d-0242ac12000a','Seniors',16,100,'c889e900-33f4-11ee-812d-0242ac12000a'),
	 ('153a0650-33a2-11ee-812d-0242ac12000a','Juniors',0,16,'035ae10f-33a2-11ee-812d-0242ac12000a'),
	 ('78c4b639-33a5-11ee-812d-0242ac12000a','Juniors',1,16,'6c969292-33a5-11ee-812d-0242ac12000a'),
	 ('faf4367c-3433-11ee-812d-0242ac12000a','Seniors',18,99,'eb673e67-3433-11ee-812d-0242ac12000a');
	
INSERT INTO public.contestant_applications (id,team_number,competition_id,contestant_id,age_category_id) VALUES
	 ('76afac71-33a3-11ee-812d-0242ac12000a',1,'035ae10f-33a2-11ee-812d-0242ac12000a','00112264-3230-11ee-812d-0242ac12000a','153a0650-33a2-11ee-812d-0242ac12000a'),
	 ('f3ff8fa0-33a2-11ee-812d-0242ac12000a',1,'035ae10f-33a2-11ee-812d-0242ac12000a','e385b3ff-33a2-11ee-812d-0242ac12000a','153a0650-33a2-11ee-812d-0242ac12000a'),
	 ('17dc555a-33a3-11ee-812d-0242ac12000a',1,'035ae10f-33a2-11ee-812d-0242ac12000a','00112248-3230-11ee-812d-0242ac12000a','153a0650-33a2-11ee-812d-0242ac12000a'),
	 ('34ec08ab-33a3-11ee-812d-0242ac12000a',1,'035ae10f-33a2-11ee-812d-0242ac12000a','2f2c6543-33a3-11ee-812d-0242ac12000a','153a0650-33a2-11ee-812d-0242ac12000a'),
	 ('4e572eee-33a3-11ee-812d-0242ac12000a',1,'035ae10f-33a2-11ee-812d-0242ac12000a','00112254-3230-11ee-812d-0242ac12000a','153a0650-33a2-11ee-812d-0242ac12000a'),
	 ('1c945d04-33a5-11ee-812d-0242ac12000a',1,'035ae10f-33a2-11ee-812d-0242ac12000a','6b0afab0-33a3-11ee-812d-0242ac12000a','153a0650-33a2-11ee-812d-0242ac12000a'),
	 ('98e12a2e-33a5-11ee-812d-0242ac12000a',1,'6c969292-33a5-11ee-812d-0242ac12000a','00112248-3230-11ee-812d-0242ac12000a','78c4b639-33a5-11ee-812d-0242ac12000a'),
	 ('a8cea369-33a5-11ee-812d-0242ac12000a',1,'6c969292-33a5-11ee-812d-0242ac12000a','0011224a-3230-11ee-812d-0242ac12000a','78c4b639-33a5-11ee-812d-0242ac12000a'),
	 ('c7a7de3a-33a5-11ee-812d-0242ac12000a',1,'6c969292-33a5-11ee-812d-0242ac12000a','0011224d-3230-11ee-812d-0242ac12000a','78c4b639-33a5-11ee-812d-0242ac12000a'),
	 ('d6d32f3d-33a5-11ee-812d-0242ac12000a',1,'6c969292-33a5-11ee-812d-0242ac12000a','00112253-3230-11ee-812d-0242ac12000a','78c4b639-33a5-11ee-812d-0242ac12000a'),
	 ('3fb85d61-33a6-11ee-812d-0242ac12000a',1,'6c969292-33a5-11ee-812d-0242ac12000a','00112250-3230-11ee-812d-0242ac12000a','78c4b639-33a5-11ee-812d-0242ac12000a'),
	 ('45156b50-33a6-11ee-812d-0242ac12000a',1,'6c969292-33a5-11ee-812d-0242ac12000a','00112252-3230-11ee-812d-0242ac12000a','78c4b639-33a5-11ee-812d-0242ac12000a'),
	 ('0b9d2a1d-33f5-11ee-812d-0242ac12000a',1,'c889e900-33f4-11ee-812d-0242ac12000a','00112248-3230-11ee-812d-0242ac12000a','d9af2d93-33f4-11ee-812d-0242ac12000a'),
	 ('0f541f28-33f5-11ee-812d-0242ac12000a',1,'c889e900-33f4-11ee-812d-0242ac12000a','0011224a-3230-11ee-812d-0242ac12000a','d9af2d93-33f4-11ee-812d-0242ac12000a'),
	 ('12ae1c6a-33f5-11ee-812d-0242ac12000a',1,'c889e900-33f4-11ee-812d-0242ac12000a','0011224d-3230-11ee-812d-0242ac12000a','d9af2d93-33f4-11ee-812d-0242ac12000a'),
	 ('15b66c36-33f5-11ee-812d-0242ac12000a',1,'c889e900-33f4-11ee-812d-0242ac12000a','0011224f-3230-11ee-812d-0242ac12000a','d9af2d93-33f4-11ee-812d-0242ac12000a'),
	 ('19c973f0-33f5-11ee-812d-0242ac12000a',1,'c889e900-33f4-11ee-812d-0242ac12000a','00112250-3230-11ee-812d-0242ac12000a','e3023d95-33f4-11ee-812d-0242ac12000a'),
	 ('1fb5524e-33f5-11ee-812d-0242ac12000a',1,'c889e900-33f4-11ee-812d-0242ac12000a','00112251-3230-11ee-812d-0242ac12000a','e3023d95-33f4-11ee-812d-0242ac12000a'),
	 ('22cd6e8f-33f5-11ee-812d-0242ac12000a',1,'c889e900-33f4-11ee-812d-0242ac12000a','00112252-3230-11ee-812d-0242ac12000a','e3023d95-33f4-11ee-812d-0242ac12000a'),
	 ('27131a09-33f5-11ee-812d-0242ac12000a',1,'c889e900-33f4-11ee-812d-0242ac12000a','00112253-3230-11ee-812d-0242ac12000a','e3023d95-33f4-11ee-812d-0242ac12000a'),
	 ('ac726c97-3431-11ee-812d-0242ac12000a',1,'c889e900-33f4-11ee-812d-0242ac12000a','00112264-3230-11ee-812d-0242ac12000a','d9af2d93-33f4-11ee-812d-0242ac12000a'),
	 ('b21f17a1-3431-11ee-812d-0242ac12000a',1,'c889e900-33f4-11ee-812d-0242ac12000a','00112265-3230-11ee-812d-0242ac12000a','d9af2d93-33f4-11ee-812d-0242ac12000a'),
	 ('b51ecf18-3431-11ee-812d-0242ac12000a',1,'c889e900-33f4-11ee-812d-0242ac12000a','00112266-3230-11ee-812d-0242ac12000a','d9af2d93-33f4-11ee-812d-0242ac12000a'),
	 ('b7b5f9cd-3431-11ee-812d-0242ac12000a',1,'c889e900-33f4-11ee-812d-0242ac12000a','00112267-3230-11ee-812d-0242ac12000a','d9af2d93-33f4-11ee-812d-0242ac12000a'),
	 ('bb48ea5c-3431-11ee-812d-0242ac12000a',1,'c889e900-33f4-11ee-812d-0242ac12000a','00112268-3230-11ee-812d-0242ac12000a','e3023d95-33f4-11ee-812d-0242ac12000a'),
	 ('bda3d465-3431-11ee-812d-0242ac12000a',1,'c889e900-33f4-11ee-812d-0242ac12000a','00112269-3230-11ee-812d-0242ac12000a','e3023d95-33f4-11ee-812d-0242ac12000a'),
	 ('c2c5704f-3431-11ee-812d-0242ac12000a',1,'c889e900-33f4-11ee-812d-0242ac12000a','0011226a-3230-11ee-812d-0242ac12000a','e3023d95-33f4-11ee-812d-0242ac12000a'),
	 ('c79aa3ac-3431-11ee-812d-0242ac12000a',1,'c889e900-33f4-11ee-812d-0242ac12000a','0011226b-3230-11ee-812d-0242ac12000a','e3023d95-33f4-11ee-812d-0242ac12000a'),
	 ('e9843b33-3431-11ee-812d-0242ac12000a',1,'c889e900-33f4-11ee-812d-0242ac12000a','0011225c-3230-11ee-812d-0242ac12000a','d9af2d93-33f4-11ee-812d-0242ac12000a'),
	 ('ec5ec582-3431-11ee-812d-0242ac12000a',1,'c889e900-33f4-11ee-812d-0242ac12000a','0011225d-3230-11ee-812d-0242ac12000a','d9af2d93-33f4-11ee-812d-0242ac12000a'),
	 ('eecc7514-3431-11ee-812d-0242ac12000a',1,'c889e900-33f4-11ee-812d-0242ac12000a','0011225e-3230-11ee-812d-0242ac12000a','d9af2d93-33f4-11ee-812d-0242ac12000a'),
	 ('f131eaa8-3431-11ee-812d-0242ac12000a',1,'c889e900-33f4-11ee-812d-0242ac12000a','0011225f-3230-11ee-812d-0242ac12000a','d9af2d93-33f4-11ee-812d-0242ac12000a'),
	 ('f3e928d4-3431-11ee-812d-0242ac12000a',1,'c889e900-33f4-11ee-812d-0242ac12000a','00112260-3230-11ee-812d-0242ac12000a','e3023d95-33f4-11ee-812d-0242ac12000a'),
	 ('f6ec1fe9-3431-11ee-812d-0242ac12000a',1,'c889e900-33f4-11ee-812d-0242ac12000a','00112261-3230-11ee-812d-0242ac12000a','e3023d95-33f4-11ee-812d-0242ac12000a'),
	 ('f922ce2d-3431-11ee-812d-0242ac12000a',1,'c889e900-33f4-11ee-812d-0242ac12000a','00112262-3230-11ee-812d-0242ac12000a','e3023d95-33f4-11ee-812d-0242ac12000a'),
	 ('fbfec8be-3431-11ee-812d-0242ac12000a',1,'c889e900-33f4-11ee-812d-0242ac12000a','00112263-3230-11ee-812d-0242ac12000a','e3023d95-33f4-11ee-812d-0242ac12000a'),
	 ('13e80736-3432-11ee-812d-0242ac12000a',1,'c889e900-33f4-11ee-812d-0242ac12000a','6b0afab0-33a3-11ee-812d-0242ac12000a','e3023d95-33f4-11ee-812d-0242ac12000a'),
	 ('3bd343dd-3432-11ee-812d-0242ac12000a',1,'c889e900-33f4-11ee-812d-0242ac12000a','00112254-3230-11ee-812d-0242ac12000a','d9af2d93-33f4-11ee-812d-0242ac12000a'),
	 ('3e650351-3432-11ee-812d-0242ac12000a',1,'c889e900-33f4-11ee-812d-0242ac12000a','00112255-3230-11ee-812d-0242ac12000a','d9af2d93-33f4-11ee-812d-0242ac12000a'),
	 ('41c1c568-3432-11ee-812d-0242ac12000a',1,'c889e900-33f4-11ee-812d-0242ac12000a','00112256-3230-11ee-812d-0242ac12000a','d9af2d93-33f4-11ee-812d-0242ac12000a'),
	 ('46950482-3432-11ee-812d-0242ac12000a',1,'c889e900-33f4-11ee-812d-0242ac12000a','00112257-3230-11ee-812d-0242ac12000a','e3023d95-33f4-11ee-812d-0242ac12000a'),
	 ('49e277af-3432-11ee-812d-0242ac12000a',1,'c889e900-33f4-11ee-812d-0242ac12000a','00112258-3230-11ee-812d-0242ac12000a','e3023d95-33f4-11ee-812d-0242ac12000a'),
	 ('4d0df99a-3432-11ee-812d-0242ac12000a',1,'c889e900-33f4-11ee-812d-0242ac12000a','00112259-3230-11ee-812d-0242ac12000a','e3023d95-33f4-11ee-812d-0242ac12000a'),
	 ('eafe5260-3435-11ee-812d-0242ac12000a',1,'eb673e67-3433-11ee-812d-0242ac12000a','00112254-3230-11ee-812d-0242ac12000a','faf4367c-3433-11ee-812d-0242ac12000a'),
	 ('f7d4fbe8-3435-11ee-812d-0242ac12000a',1,'eb673e67-3433-11ee-812d-0242ac12000a','0011225e-3230-11ee-812d-0242ac12000a','faf4367c-3433-11ee-812d-0242ac12000a'),
	 ('09bc899d-3436-11ee-812d-0242ac12000a',1,'eb673e67-3433-11ee-812d-0242ac12000a','0011224d-3230-11ee-812d-0242ac12000a','faf4367c-3433-11ee-812d-0242ac12000a');


INSERT INTO public.apparatus_announcements (id,apparatus,contestant_application_id) VALUES
	 ('f3ff8f8a-33a2-11ee-812d-0242ac12000a',0,'f3ff8fa0-33a2-11ee-812d-0242ac12000a'),
	 ('f3ff8f92-33a2-11ee-812d-0242ac12000a',7,'f3ff8fa0-33a2-11ee-812d-0242ac12000a'),
	 ('f3ff8f96-33a2-11ee-812d-0242ac12000a',6,'f3ff8fa0-33a2-11ee-812d-0242ac12000a'),
	 ('f3ff8f9a-33a2-11ee-812d-0242ac12000a',3,'f3ff8fa0-33a2-11ee-812d-0242ac12000a'),
	 ('17dc554f-33a3-11ee-812d-0242ac12000a',0,'17dc555a-33a3-11ee-812d-0242ac12000a'),
	 ('17dc5552-33a3-11ee-812d-0242ac12000a',7,'17dc555a-33a3-11ee-812d-0242ac12000a'),
	 ('17dc5554-33a3-11ee-812d-0242ac12000a',6,'17dc555a-33a3-11ee-812d-0242ac12000a'),
	 ('17dc5556-33a3-11ee-812d-0242ac12000a',3,'17dc555a-33a3-11ee-812d-0242ac12000a'),
	 ('34ec0899-33a3-11ee-812d-0242ac12000a',0,'34ec08ab-33a3-11ee-812d-0242ac12000a'),
	 ('34ec089e-33a3-11ee-812d-0242ac12000a',7,'34ec08ab-33a3-11ee-812d-0242ac12000a'),
	 ('34ec08a1-33a3-11ee-812d-0242ac12000a',6,'34ec08ab-33a3-11ee-812d-0242ac12000a'),
	 ('34ec08a4-33a3-11ee-812d-0242ac12000a',3,'34ec08ab-33a3-11ee-812d-0242ac12000a'),
	 ('4e572edf-33a3-11ee-812d-0242ac12000a',0,'4e572eee-33a3-11ee-812d-0242ac12000a'),
	 ('4e572ee3-33a3-11ee-812d-0242ac12000a',7,'4e572eee-33a3-11ee-812d-0242ac12000a'),
	 ('4e572ee7-33a3-11ee-812d-0242ac12000a',6,'4e572eee-33a3-11ee-812d-0242ac12000a'),
	 ('4e572ee9-33a3-11ee-812d-0242ac12000a',3,'4e572eee-33a3-11ee-812d-0242ac12000a'),
	 ('76afac63-33a3-11ee-812d-0242ac12000a',0,'76afac71-33a3-11ee-812d-0242ac12000a'),
	 ('76afac67-33a3-11ee-812d-0242ac12000a',7,'76afac71-33a3-11ee-812d-0242ac12000a'),
	 ('76afac68-33a3-11ee-812d-0242ac12000a',6,'76afac71-33a3-11ee-812d-0242ac12000a'),
	 ('76afac6b-33a3-11ee-812d-0242ac12000a',3,'76afac71-33a3-11ee-812d-0242ac12000a'),
	 ('1c945cfa-33a5-11ee-812d-0242ac12000a',0,'1c945d04-33a5-11ee-812d-0242ac12000a'),
	 ('1c945cfc-33a5-11ee-812d-0242ac12000a',7,'1c945d04-33a5-11ee-812d-0242ac12000a'),
	 ('1c945cfe-33a5-11ee-812d-0242ac12000a',6,'1c945d04-33a5-11ee-812d-0242ac12000a'),
	 ('1c945d00-33a5-11ee-812d-0242ac12000a',3,'1c945d04-33a5-11ee-812d-0242ac12000a'),
	 ('98e12a22-33a5-11ee-812d-0242ac12000a',3,'98e12a2e-33a5-11ee-812d-0242ac12000a'),
	 ('98e12a26-33a5-11ee-812d-0242ac12000a',5,'98e12a2e-33a5-11ee-812d-0242ac12000a'),
	 ('98e12a28-33a5-11ee-812d-0242ac12000a',0,'98e12a2e-33a5-11ee-812d-0242ac12000a'),
	 ('a8cea355-33a5-11ee-812d-0242ac12000a',5,'a8cea369-33a5-11ee-812d-0242ac12000a'),
	 ('a8cea35d-33a5-11ee-812d-0242ac12000a',0,'a8cea369-33a5-11ee-812d-0242ac12000a'),
	 ('c7a7de1b-33a5-11ee-812d-0242ac12000a',0,'c7a7de3a-33a5-11ee-812d-0242ac12000a'),
	 ('c7a7de23-33a5-11ee-812d-0242ac12000a',1,'c7a7de3a-33a5-11ee-812d-0242ac12000a'),
	 ('c7a7de26-33a5-11ee-812d-0242ac12000a',2,'c7a7de3a-33a5-11ee-812d-0242ac12000a'),
	 ('c7a7de2a-33a5-11ee-812d-0242ac12000a',4,'c7a7de3a-33a5-11ee-812d-0242ac12000a'),
	 ('c7a7de2e-33a5-11ee-812d-0242ac12000a',5,'c7a7de3a-33a5-11ee-812d-0242ac12000a'),
	 ('c7a7de30-33a5-11ee-812d-0242ac12000a',3,'c7a7de3a-33a5-11ee-812d-0242ac12000a'),
	 ('d6d32f30-33a5-11ee-812d-0242ac12000a',1,'d6d32f3d-33a5-11ee-812d-0242ac12000a'),
	 ('d6d32f36-33a5-11ee-812d-0242ac12000a',4,'d6d32f3d-33a5-11ee-812d-0242ac12000a'),
	 ('3fb85d57-33a6-11ee-812d-0242ac12000a',5,'3fb85d61-33a6-11ee-812d-0242ac12000a'),
	 ('3fb85d5a-33a6-11ee-812d-0242ac12000a',4,'3fb85d61-33a6-11ee-812d-0242ac12000a'),
	 ('45156b46-33a6-11ee-812d-0242ac12000a',2,'45156b50-33a6-11ee-812d-0242ac12000a'),
	 ('0b9d2a10-33f5-11ee-812d-0242ac12000a',0,'0b9d2a1d-33f5-11ee-812d-0242ac12000a'),
	 ('0b9d2a13-33f5-11ee-812d-0242ac12000a',7,'0b9d2a1d-33f5-11ee-812d-0242ac12000a'),
	 ('0b9d2a15-33f5-11ee-812d-0242ac12000a',6,'0b9d2a1d-33f5-11ee-812d-0242ac12000a'),
	 ('0b9d2a17-33f5-11ee-812d-0242ac12000a',3,'0b9d2a1d-33f5-11ee-812d-0242ac12000a'),
	 ('0f541f14-33f5-11ee-812d-0242ac12000a',0,'0f541f28-33f5-11ee-812d-0242ac12000a'),
	 ('0f541f1c-33f5-11ee-812d-0242ac12000a',7,'0f541f28-33f5-11ee-812d-0242ac12000a'),
	 ('0f541f1f-33f5-11ee-812d-0242ac12000a',6,'0f541f28-33f5-11ee-812d-0242ac12000a'),
	 ('0f541f22-33f5-11ee-812d-0242ac12000a',3,'0f541f28-33f5-11ee-812d-0242ac12000a'),
	 ('12ae1c58-33f5-11ee-812d-0242ac12000a',0,'12ae1c6a-33f5-11ee-812d-0242ac12000a'),
	 ('12ae1c5d-33f5-11ee-812d-0242ac12000a',7,'12ae1c6a-33f5-11ee-812d-0242ac12000a'),
	 ('12ae1c61-33f5-11ee-812d-0242ac12000a',6,'12ae1c6a-33f5-11ee-812d-0242ac12000a'),
	 ('12ae1c64-33f5-11ee-812d-0242ac12000a',3,'12ae1c6a-33f5-11ee-812d-0242ac12000a'),
	 ('15b66c28-33f5-11ee-812d-0242ac12000a',0,'15b66c36-33f5-11ee-812d-0242ac12000a'),
	 ('15b66c2b-33f5-11ee-812d-0242ac12000a',7,'15b66c36-33f5-11ee-812d-0242ac12000a'),
	 ('15b66c2e-33f5-11ee-812d-0242ac12000a',6,'15b66c36-33f5-11ee-812d-0242ac12000a'),
	 ('15b66c30-33f5-11ee-812d-0242ac12000a',3,'15b66c36-33f5-11ee-812d-0242ac12000a'),
	 ('19c973dc-33f5-11ee-812d-0242ac12000a',0,'19c973f0-33f5-11ee-812d-0242ac12000a'),
	 ('19c973e2-33f5-11ee-812d-0242ac12000a',7,'19c973f0-33f5-11ee-812d-0242ac12000a'),
	 ('19c973e5-33f5-11ee-812d-0242ac12000a',6,'19c973f0-33f5-11ee-812d-0242ac12000a'),
	 ('19c973e8-33f5-11ee-812d-0242ac12000a',3,'19c973f0-33f5-11ee-812d-0242ac12000a'),
	 ('1fb55240-33f5-11ee-812d-0242ac12000a',0,'1fb5524e-33f5-11ee-812d-0242ac12000a'),
	 ('1fb55245-33f5-11ee-812d-0242ac12000a',7,'1fb5524e-33f5-11ee-812d-0242ac12000a'),
	 ('1fb55247-33f5-11ee-812d-0242ac12000a',6,'1fb5524e-33f5-11ee-812d-0242ac12000a'),
	 ('1fb5524a-33f5-11ee-812d-0242ac12000a',3,'1fb5524e-33f5-11ee-812d-0242ac12000a'),
	 ('22cd6e73-33f5-11ee-812d-0242ac12000a',0,'22cd6e8f-33f5-11ee-812d-0242ac12000a'),
	 ('22cd6e7c-33f5-11ee-812d-0242ac12000a',7,'22cd6e8f-33f5-11ee-812d-0242ac12000a'),
	 ('22cd6e81-33f5-11ee-812d-0242ac12000a',6,'22cd6e8f-33f5-11ee-812d-0242ac12000a'),
	 ('22cd6e85-33f5-11ee-812d-0242ac12000a',3,'22cd6e8f-33f5-11ee-812d-0242ac12000a'),
	 ('271319fd-33f5-11ee-812d-0242ac12000a',7,'27131a09-33f5-11ee-812d-0242ac12000a'),
	 ('27131a01-33f5-11ee-812d-0242ac12000a',0,'27131a09-33f5-11ee-812d-0242ac12000a'),
	 ('27131a03-33f5-11ee-812d-0242ac12000a',6,'27131a09-33f5-11ee-812d-0242ac12000a'),
	 ('27131a05-33f5-11ee-812d-0242ac12000a',3,'27131a09-33f5-11ee-812d-0242ac12000a'),
	 ('ac726c8a-3431-11ee-812d-0242ac12000a',0,'ac726c97-3431-11ee-812d-0242ac12000a'),
	 ('ac726c8d-3431-11ee-812d-0242ac12000a',7,'ac726c97-3431-11ee-812d-0242ac12000a'),
	 ('ac726c90-3431-11ee-812d-0242ac12000a',6,'ac726c97-3431-11ee-812d-0242ac12000a'),
	 ('ac726c93-3431-11ee-812d-0242ac12000a',3,'ac726c97-3431-11ee-812d-0242ac12000a'),
	 ('b21f1796-3431-11ee-812d-0242ac12000a',0,'b21f17a1-3431-11ee-812d-0242ac12000a'),
	 ('b21f1798-3431-11ee-812d-0242ac12000a',7,'b21f17a1-3431-11ee-812d-0242ac12000a'),
	 ('b21f1799-3431-11ee-812d-0242ac12000a',6,'b21f17a1-3431-11ee-812d-0242ac12000a'),
	 ('b21f179b-3431-11ee-812d-0242ac12000a',3,'b21f17a1-3431-11ee-812d-0242ac12000a'),
	 ('b51ecf05-3431-11ee-812d-0242ac12000a',0,'b51ecf18-3431-11ee-812d-0242ac12000a'),
	 ('b51ecf0b-3431-11ee-812d-0242ac12000a',7,'b51ecf18-3431-11ee-812d-0242ac12000a'),
	 ('b51ecf0f-3431-11ee-812d-0242ac12000a',6,'b51ecf18-3431-11ee-812d-0242ac12000a'),
	 ('b51ecf12-3431-11ee-812d-0242ac12000a',3,'b51ecf18-3431-11ee-812d-0242ac12000a'),
	 ('b7b5f9bf-3431-11ee-812d-0242ac12000a',0,'b7b5f9cd-3431-11ee-812d-0242ac12000a'),
	 ('b7b5f9c3-3431-11ee-812d-0242ac12000a',7,'b7b5f9cd-3431-11ee-812d-0242ac12000a'),
	 ('b7b5f9c7-3431-11ee-812d-0242ac12000a',6,'b7b5f9cd-3431-11ee-812d-0242ac12000a'),
	 ('b7b5f9c9-3431-11ee-812d-0242ac12000a',3,'b7b5f9cd-3431-11ee-812d-0242ac12000a'),
	 ('bb48ea49-3431-11ee-812d-0242ac12000a',0,'bb48ea5c-3431-11ee-812d-0242ac12000a'),
	 ('bb48ea4d-3431-11ee-812d-0242ac12000a',7,'bb48ea5c-3431-11ee-812d-0242ac12000a'),
	 ('bb48ea4f-3431-11ee-812d-0242ac12000a',6,'bb48ea5c-3431-11ee-812d-0242ac12000a'),
	 ('bb48ea51-3431-11ee-812d-0242ac12000a',3,'bb48ea5c-3431-11ee-812d-0242ac12000a'),
	 ('bda3d452-3431-11ee-812d-0242ac12000a',0,'bda3d465-3431-11ee-812d-0242ac12000a'),
	 ('bda3d458-3431-11ee-812d-0242ac12000a',7,'bda3d465-3431-11ee-812d-0242ac12000a'),
	 ('bda3d45b-3431-11ee-812d-0242ac12000a',6,'bda3d465-3431-11ee-812d-0242ac12000a'),
	 ('bda3d45e-3431-11ee-812d-0242ac12000a',3,'bda3d465-3431-11ee-812d-0242ac12000a'),
	 ('c2c57041-3431-11ee-812d-0242ac12000a',0,'c2c5704f-3431-11ee-812d-0242ac12000a'),
	 ('c2c57044-3431-11ee-812d-0242ac12000a',7,'c2c5704f-3431-11ee-812d-0242ac12000a'),
	 ('c2c57046-3431-11ee-812d-0242ac12000a',6,'c2c5704f-3431-11ee-812d-0242ac12000a'),
	 ('c2c57047-3431-11ee-812d-0242ac12000a',3,'c2c5704f-3431-11ee-812d-0242ac12000a');
INSERT INTO public.apparatus_announcements (id,apparatus,contestant_application_id) VALUES
	 ('c79aa39e-3431-11ee-812d-0242ac12000a',0,'c79aa3ac-3431-11ee-812d-0242ac12000a'),
	 ('c79aa3a3-3431-11ee-812d-0242ac12000a',7,'c79aa3ac-3431-11ee-812d-0242ac12000a'),
	 ('c79aa3a5-3431-11ee-812d-0242ac12000a',6,'c79aa3ac-3431-11ee-812d-0242ac12000a'),
	 ('c79aa3a7-3431-11ee-812d-0242ac12000a',3,'c79aa3ac-3431-11ee-812d-0242ac12000a'),
	 ('e9843b23-3431-11ee-812d-0242ac12000a',0,'e9843b33-3431-11ee-812d-0242ac12000a'),
	 ('e9843b28-3431-11ee-812d-0242ac12000a',7,'e9843b33-3431-11ee-812d-0242ac12000a'),
	 ('e9843b2b-3431-11ee-812d-0242ac12000a',6,'e9843b33-3431-11ee-812d-0242ac12000a'),
	 ('e9843b2d-3431-11ee-812d-0242ac12000a',3,'e9843b33-3431-11ee-812d-0242ac12000a'),
	 ('ec5ec568-3431-11ee-812d-0242ac12000a',0,'ec5ec582-3431-11ee-812d-0242ac12000a'),
	 ('ec5ec56e-3431-11ee-812d-0242ac12000a',7,'ec5ec582-3431-11ee-812d-0242ac12000a'),
	 ('ec5ec572-3431-11ee-812d-0242ac12000a',6,'ec5ec582-3431-11ee-812d-0242ac12000a'),
	 ('ec5ec575-3431-11ee-812d-0242ac12000a',3,'ec5ec582-3431-11ee-812d-0242ac12000a'),
	 ('eecc7506-3431-11ee-812d-0242ac12000a',0,'eecc7514-3431-11ee-812d-0242ac12000a'),
	 ('eecc7509-3431-11ee-812d-0242ac12000a',7,'eecc7514-3431-11ee-812d-0242ac12000a'),
	 ('eecc750c-3431-11ee-812d-0242ac12000a',6,'eecc7514-3431-11ee-812d-0242ac12000a'),
	 ('eecc750e-3431-11ee-812d-0242ac12000a',3,'eecc7514-3431-11ee-812d-0242ac12000a'),
	 ('f131ea93-3431-11ee-812d-0242ac12000a',0,'f131eaa8-3431-11ee-812d-0242ac12000a'),
	 ('f131ea9a-3431-11ee-812d-0242ac12000a',7,'f131eaa8-3431-11ee-812d-0242ac12000a'),
	 ('f131ea9d-3431-11ee-812d-0242ac12000a',6,'f131eaa8-3431-11ee-812d-0242ac12000a'),
	 ('f131eaa1-3431-11ee-812d-0242ac12000a',3,'f131eaa8-3431-11ee-812d-0242ac12000a'),
	 ('f3e928c2-3431-11ee-812d-0242ac12000a',0,'f3e928d4-3431-11ee-812d-0242ac12000a'),
	 ('f3e928c8-3431-11ee-812d-0242ac12000a',7,'f3e928d4-3431-11ee-812d-0242ac12000a'),
	 ('f3e928cb-3431-11ee-812d-0242ac12000a',6,'f3e928d4-3431-11ee-812d-0242ac12000a'),
	 ('f3e928cd-3431-11ee-812d-0242ac12000a',3,'f3e928d4-3431-11ee-812d-0242ac12000a'),
	 ('f6ec1fd4-3431-11ee-812d-0242ac12000a',0,'f6ec1fe9-3431-11ee-812d-0242ac12000a'),
	 ('f6ec1fda-3431-11ee-812d-0242ac12000a',7,'f6ec1fe9-3431-11ee-812d-0242ac12000a'),
	 ('f6ec1fde-3431-11ee-812d-0242ac12000a',6,'f6ec1fe9-3431-11ee-812d-0242ac12000a'),
	 ('f6ec1fe2-3431-11ee-812d-0242ac12000a',3,'f6ec1fe9-3431-11ee-812d-0242ac12000a'),
	 ('f922ce1a-3431-11ee-812d-0242ac12000a',0,'f922ce2d-3431-11ee-812d-0242ac12000a'),
	 ('f922ce1f-3431-11ee-812d-0242ac12000a',7,'f922ce2d-3431-11ee-812d-0242ac12000a'),
	 ('f922ce21-3431-11ee-812d-0242ac12000a',6,'f922ce2d-3431-11ee-812d-0242ac12000a'),
	 ('f922ce24-3431-11ee-812d-0242ac12000a',3,'f922ce2d-3431-11ee-812d-0242ac12000a'),
	 ('fbfec8ae-3431-11ee-812d-0242ac12000a',0,'fbfec8be-3431-11ee-812d-0242ac12000a'),
	 ('fbfec8b3-3431-11ee-812d-0242ac12000a',7,'fbfec8be-3431-11ee-812d-0242ac12000a'),
	 ('fbfec8b6-3431-11ee-812d-0242ac12000a',6,'fbfec8be-3431-11ee-812d-0242ac12000a'),
	 ('fbfec8b9-3431-11ee-812d-0242ac12000a',3,'fbfec8be-3431-11ee-812d-0242ac12000a'),
	 ('13e8072b-3432-11ee-812d-0242ac12000a',0,'13e80736-3432-11ee-812d-0242ac12000a'),
	 ('13e8072e-3432-11ee-812d-0242ac12000a',7,'13e80736-3432-11ee-812d-0242ac12000a'),
	 ('13e8072f-3432-11ee-812d-0242ac12000a',6,'13e80736-3432-11ee-812d-0242ac12000a'),
	 ('13e80731-3432-11ee-812d-0242ac12000a',3,'13e80736-3432-11ee-812d-0242ac12000a'),
	 ('3bd343cb-3432-11ee-812d-0242ac12000a',0,'3bd343dd-3432-11ee-812d-0242ac12000a'),
	 ('3bd343d1-3432-11ee-812d-0242ac12000a',7,'3bd343dd-3432-11ee-812d-0242ac12000a'),
	 ('3bd343d4-3432-11ee-812d-0242ac12000a',6,'3bd343dd-3432-11ee-812d-0242ac12000a'),
	 ('3bd343d8-3432-11ee-812d-0242ac12000a',3,'3bd343dd-3432-11ee-812d-0242ac12000a'),
	 ('3e650346-3432-11ee-812d-0242ac12000a',0,'3e650351-3432-11ee-812d-0242ac12000a'),
	 ('3e650349-3432-11ee-812d-0242ac12000a',7,'3e650351-3432-11ee-812d-0242ac12000a'),
	 ('3e65034b-3432-11ee-812d-0242ac12000a',6,'3e650351-3432-11ee-812d-0242ac12000a'),
	 ('3e65034d-3432-11ee-812d-0242ac12000a',3,'3e650351-3432-11ee-812d-0242ac12000a'),
	 ('41c1c55b-3432-11ee-812d-0242ac12000a',0,'41c1c568-3432-11ee-812d-0242ac12000a'),
	 ('41c1c55e-3432-11ee-812d-0242ac12000a',7,'41c1c568-3432-11ee-812d-0242ac12000a'),
	 ('41c1c560-3432-11ee-812d-0242ac12000a',6,'41c1c568-3432-11ee-812d-0242ac12000a'),
	 ('41c1c562-3432-11ee-812d-0242ac12000a',3,'41c1c568-3432-11ee-812d-0242ac12000a'),
	 ('46950470-3432-11ee-812d-0242ac12000a',0,'46950482-3432-11ee-812d-0242ac12000a'),
	 ('46950476-3432-11ee-812d-0242ac12000a',7,'46950482-3432-11ee-812d-0242ac12000a'),
	 ('46950479-3432-11ee-812d-0242ac12000a',6,'46950482-3432-11ee-812d-0242ac12000a'),
	 ('4695047c-3432-11ee-812d-0242ac12000a',3,'46950482-3432-11ee-812d-0242ac12000a'),
	 ('49e2779f-3432-11ee-812d-0242ac12000a',0,'49e277af-3432-11ee-812d-0242ac12000a'),
	 ('49e277a3-3432-11ee-812d-0242ac12000a',7,'49e277af-3432-11ee-812d-0242ac12000a'),
	 ('49e277a5-3432-11ee-812d-0242ac12000a',6,'49e277af-3432-11ee-812d-0242ac12000a'),
	 ('49e277a7-3432-11ee-812d-0242ac12000a',3,'49e277af-3432-11ee-812d-0242ac12000a'),
	 ('4d0df990-3432-11ee-812d-0242ac12000a',0,'4d0df99a-3432-11ee-812d-0242ac12000a'),
	 ('4d0df993-3432-11ee-812d-0242ac12000a',7,'4d0df99a-3432-11ee-812d-0242ac12000a'),
	 ('4d0df994-3432-11ee-812d-0242ac12000a',6,'4d0df99a-3432-11ee-812d-0242ac12000a'),
	 ('4d0df996-3432-11ee-812d-0242ac12000a',3,'4d0df99a-3432-11ee-812d-0242ac12000a'),
	 ('eafe5257-3435-11ee-812d-0242ac12000a',0,'eafe5260-3435-11ee-812d-0242ac12000a'),
	 ('eafe525c-3435-11ee-812d-0242ac12000a',6,'eafe5260-3435-11ee-812d-0242ac12000a'),
	 ('f7d4fbd9-3435-11ee-812d-0242ac12000a',0,'f7d4fbe8-3435-11ee-812d-0242ac12000a'),
	 ('f7d4fbe2-3435-11ee-812d-0242ac12000a',6,'f7d4fbe8-3435-11ee-812d-0242ac12000a'),
	 ('09bc8990-3436-11ee-812d-0242ac12000a',0,'09bc899d-3436-11ee-812d-0242ac12000a'),
	 ('09bc8996-3436-11ee-812d-0242ac12000a',6,'09bc899d-3436-11ee-812d-0242ac12000a');


