-- CLEAR TABLES

delete from temp_scores;
delete from panel_judges ;
delete from judges ;
delete from panels ;
delete from all_around_scoreboard_slots;
delete from all_around_scoreboards;
delete  from team_scoreboard_slots ;
delete  from team_scoreboards ;
delete from schedule_slots;
delete from sessions;
delete  from schedules;
delete  from scores;
delete  from contestants;
delete  from competitions;
delete  from sports_organizations;
delete from addresses;
delete from score_calculation_methods;
delete from team_compositions;


-- INSERT DATA

INSERT INTO public.team_compositions (id,base_contestant_number,bonus_contestant_number,multi_category_team) VALUES
('eb673e6f-3433-11ee-812d-0242ac12000a',3,1,false),
('c889e904-33f4-11ee-812d-0242ac12000a',3,1,false);

INSERT INTO public.score_calculation_methods (id,score_deduction_num) VALUES
('c4eb1354-3296-4ebd-ae15-6102373168d1',0),
('11e83f3b-69d1-4420-b9d7-6d68459ccc97',0),
('b3dcf1f2-d416-49a8-8be7-8e8cbadfa319',0),
('592c0fe7-b5eb-476a-8413-366cd1edbcf8',1),
('ac6870a0-271f-49f9-b811-e179b1c0234a',0),
('ef6826fd-9c2c-4aef-8f41-08ae12147ac1',0),
('186eed3d-9fc4-4fe3-b8fc-f24900cfc3e2',0),
('83350a46-0a5c-4c0f-87d5-d8e3f4db7f8b',0),
('14654b92-76a7-421d-9da1-8677d515eabd',0),
('aebdffff-fe05-4e09-83d1-0bb83054dbe2',0),
('29f28ac8-0a89-4a69-82b2-8cdc265cdfaa',0),
('8f0c24c9-9d0e-49f1-ba31-602ef165ab52',0);

INSERT INTO public.addresses (id,country,city,street,street_number) VALUES
('c889e903-33f4-11ee-812d-0242ac12000a','Serbia','Novi Sad','Melhior Erdujheljia','12'),
('80009b85-322a-11ee-812d-0242ac12000a','Serbia','Novi Sad','Ignjata Pavlasa','2-4'),
('58bf917d-322b-11ee-812d-0242ac12000a','United States','Phoenix','5th Avenue','78'),
('f70893b2-322a-11ee-812d-0242ac12000a','Russia','Moscow','Leningradsky Prospekt ','39'),
('c862da31-322a-11ee-812d-0242ac12000a','Hungary','Budapest','Széchenyi István tér','9'),
('988b0818-33a1-11ee-812d-0242ac12000a','Hungary','Szeged','Fő utca','13');

INSERT INTO public.sports_organizations (id,"name",email,phone_number,contact_person_full_name,competition_organising_privilege,address_id) VALUES
('80009b81-322a-11ee-812d-0242ac12000a','Sokolsko Društvo Vojvodina','sdv@gmail.com','+3816540978','Geza Mikes',true,'80009b85-322a-11ee-812d-0242ac12000a'),
('58bf9179-322b-11ee-812d-0242ac12000a','Arizona Gymnastics','agym@gmail.com','+14112378412','John Smith',false,'58bf917d-322b-11ee-812d-0242ac12000a'),
('f70893b0-322a-11ee-812d-0242ac12000a','Спортивное Общество России','sports_rus@gmail.com','+79101234567','Ivan Petrov',false,'f70893b2-322a-11ee-812d-0242ac12000a'),
('c862da2c-322a-11ee-812d-0242ac12000a','Magyar Sport Egyesület','mse@gmail.com','+36123456789','János Kovács',false,'c862da31-322a-11ee-812d-0242ac12000a'),
('988b0815-33a1-11ee-812d-0242ac12000a','Kristian Berki Gimnasztikai Klub','hun2@gmail.com','+361987614','Péter Nagy',false,'988b0818-33a1-11ee-812d-0242ac12000a');


INSERT INTO public.competitions (id,"name",start_date,end_date,gender,"type",tiebreak,address_id,organizer_id,team_composition_id,age_categories) VALUES
('c889e900-33f4-11ee-812d-0242ac12000a','Memorijal Laza Krstić Marica Dzelatović','2023-08-31 00:00:00+02','2023-08-31 00:00:00+02',1,3,false,'c889e903-33f4-11ee-812d-0242ac12000a','80009b81-322a-11ee-812d-0242ac12000a','c889e904-33f4-11ee-812d-0242ac12000a','["Juniors","Seniors"]');


INSERT INTO public.contestants (id,competing_id,full_name,sports_organization_id,team_number,age_category) VALUES
	 ('00112248-3230-11ee-812d-0242ac12000a',1,'Mina Đukić','80009b81-322a-11ee-812d-0242ac12000a',1,'Juniors'),
	 ('0011224a-3230-11ee-812d-0242ac12000a',2,'Jovana Petrović','80009b81-322a-11ee-812d-0242ac12000a',1,'Juniors'),
	 ('0011224d-3230-11ee-812d-0242ac12000a',3,'Mila Stanković','80009b81-322a-11ee-812d-0242ac12000a',1,'Juniors'),
	 ('0011224f-3230-11ee-812d-0242ac12000a',4,'Jelena Nikolić','80009b81-322a-11ee-812d-0242ac12000a',1,'Juniors'),
	 ('00112264-3230-11ee-812d-0242ac12000a',9,'Emma Johnson','58bf9179-322b-11ee-812d-0242ac12000a',1,'Juniors'),
	 ('00112265-3230-11ee-812d-0242ac12000a',10,'Olivia Williams','58bf9179-322b-11ee-812d-0242ac12000a',1,'Juniors'),
	 ('00112266-3230-11ee-812d-0242ac12000a',11,'Ava Smith','58bf9179-322b-11ee-812d-0242ac12000a',1,'Juniors'),
	 ('00112267-3230-11ee-812d-0242ac12000a',12,'Sophia Brown','58bf9179-322b-11ee-812d-0242ac12000a',1,'Juniors'),
	 ('0011225c-3230-11ee-812d-0242ac12000a',17,'Анастасия Иванова','f70893b0-322a-11ee-812d-0242ac12000a',1,'Juniors'),
	 ('0011225d-3230-11ee-812d-0242ac12000a',18,'Екатерина Смирнова','f70893b0-322a-11ee-812d-0242ac12000a',1,'Juniors'),
	 ('0011225e-3230-11ee-812d-0242ac12000a',19,'Ольга Федорова','f70893b0-322a-11ee-812d-0242ac12000a',1,'Juniors'),
	 ('0011225f-3230-11ee-812d-0242ac12000a',20,'Светлана Петрова','f70893b0-322a-11ee-812d-0242ac12000a',1,'Juniors'),
	 ('00112254-3230-11ee-812d-0242ac12000a',26,'Zsófia Nagy','c862da2c-322a-11ee-812d-0242ac12000a',1,'Juniors'),
	 ('00112255-3230-11ee-812d-0242ac12000a',27,'Lili Kovács','c862da2c-322a-11ee-812d-0242ac12000a',1,'Juniors'),
	 ('00112256-3230-11ee-812d-0242ac12000a',28,'Emília Varga','c862da2c-322a-11ee-812d-0242ac12000a',1,'Juniors'),
	 ('00112250-3230-11ee-812d-0242ac12000a',5,'Ivana Marković','80009b81-322a-11ee-812d-0242ac12000a',1,'Seniors'),
	 ('00112251-3230-11ee-812d-0242ac12000a',6,'Maja Stojanović','80009b81-322a-11ee-812d-0242ac12000a',1,'Seniors'),
	 ('00112252-3230-11ee-812d-0242ac12000a',7,'Ana Janković','80009b81-322a-11ee-812d-0242ac12000a',1,'Seniors'),
	 ('00112253-3230-11ee-812d-0242ac12000a',8,'Elena Đorđević','80009b81-322a-11ee-812d-0242ac12000a',1,'Seniors'),
	 ('00112268-3230-11ee-812d-0242ac12000a',13,'Isabella Miller','58bf9179-322b-11ee-812d-0242ac12000a',1,'Seniors'),
	 ('00112269-3230-11ee-812d-0242ac12000a',14,'Mia Davis','58bf9179-322b-11ee-812d-0242ac12000a',1,'Seniors'),
	 ('0011226a-3230-11ee-812d-0242ac12000a',15,'Amelia Wilson','58bf9179-322b-11ee-812d-0242ac12000a',1,'Seniors'),
	 ('0011226b-3230-11ee-812d-0242ac12000a',16,'Harper Anderson','58bf9179-322b-11ee-812d-0242ac12000a',1,'Seniors'),
	 ('00112260-3230-11ee-812d-0242ac12000a',21,'Ирина Соколова','f70893b0-322a-11ee-812d-0242ac12000a',1,'Seniors'),
	 ('00112261-3230-11ee-812d-0242ac12000a',22,'Александра Кузнецова','f70893b0-322a-11ee-812d-0242ac12000a',1,'Seniors'),
	 ('00112262-3230-11ee-812d-0242ac12000a',23,'Елена Михайлова','f70893b0-322a-11ee-812d-0242ac12000a',1,'Seniors'),
	 ('00112263-3230-11ee-812d-0242ac12000a',24,'Мария Волкова','f70893b0-322a-11ee-812d-0242ac12000a',1,'Seniors'),
	 ('00112257-3230-11ee-812d-0242ac12000a',29,'Zsuzsanna Farkas','c862da2c-322a-11ee-812d-0242ac12000a',1,'Seniors'),
	 ('00112258-3230-11ee-812d-0242ac12000a',30,'Borbála Balogh','c862da2c-322a-11ee-812d-0242ac12000a',1,'Seniors'),
	 ('00112259-3230-11ee-812d-0242ac12000a',31,'Dóra Molnár','c862da2c-322a-11ee-812d-0242ac12000a',1,'Seniors'),
	 ('6b0afab0-33a3-11ee-812d-0242ac12000a',25,'Zsofia Folo','988b0815-33a1-11ee-812d-0242ac12000a',1,'Seniors');





INSERT INTO public.scores (id,apparatus,d_score,e_score,total_score,competition_id,contestant_id,submitted) VALUES
('1fd09c61-8942-4f6d-b75c-3b77ccf28d06',0,4.300000190734863,9.300000190734863,13.600000381469727,'c889e900-33f4-11ee-812d-0242ac12000a','0011224f-3230-11ee-812d-0242ac12000a',true),
('195eff9e-66b0-4afb-ac45-7392dc63fcd3',3,3.9000000953674316,8.699999809265137,12.600000381469727,'c889e900-33f4-11ee-812d-0242ac12000a','0011225f-3230-11ee-812d-0242ac12000a',true),
('4b8d1ba1-d7ae-4bb2-9ad9-5b2bf0b13934',3,3.9000000953674316,8.899999618530273,12.799999237060547,'c889e900-33f4-11ee-812d-0242ac12000a','0011225c-3230-11ee-812d-0242ac12000a',true),
('328a7420-2e33-4aba-a54d-668dd6946b5c',3,4,9,13,'c889e900-33f4-11ee-812d-0242ac12000a','00112254-3230-11ee-812d-0242ac12000a',true),
('36e4406b-08ec-430d-a124-443f05487467',3,3.9000000953674316,8.5,12.399999618530273,'c889e900-33f4-11ee-812d-0242ac12000a','00112255-3230-11ee-812d-0242ac12000a',true),
('fdedf624-6260-4f61-a69c-8bd220371f98',3,3.9000000953674316,8.5,12.399999618530273,'c889e900-33f4-11ee-812d-0242ac12000a','00112256-3230-11ee-812d-0242ac12000a',true),
('092aad85-b9c4-49db-8f9c-8765bc11ecfd',6,4.199999809265137,9.699999809265137,13.899999618530273,'c889e900-33f4-11ee-812d-0242ac12000a','0011225c-3230-11ee-812d-0242ac12000a',true),
('97d3b854-aece-419b-8932-3c09f3c017ba',6,4.199999809265137,9.5,13.699999809265137,'c889e900-33f4-11ee-812d-0242ac12000a','0011225d-3230-11ee-812d-0242ac12000a',true),
('e00a23e0-93e3-4351-99f1-6dd69f95a3b7',6,4.099999904632568,9.600000381469727,13.700000762939453,'c889e900-33f4-11ee-812d-0242ac12000a','0011225e-3230-11ee-812d-0242ac12000a',true),
('2b0486ab-ea17-4e58-a469-954147b16910',6,4.099999904632568,9.699999809265137,13.799999237060547,'c889e900-33f4-11ee-812d-0242ac12000a','0011225f-3230-11ee-812d-0242ac12000a',true),
('2fbef1ec-a09a-4e0a-9196-ebde8a737a4f',7,3.9000000953674316,9,12.899999618530273,'c889e900-33f4-11ee-812d-0242ac12000a','00112264-3230-11ee-812d-0242ac12000a',true),
('ed76fb27-e2d9-45f7-a551-b6f1ed386311',7,3.9000000953674316,9,12.899999618530273,'c889e900-33f4-11ee-812d-0242ac12000a','00112265-3230-11ee-812d-0242ac12000a',true),
('502a870a-9200-469a-8596-2ac1544e93bc',7,4.099999904632568,9.600000381469727,13.700000762939453,'c889e900-33f4-11ee-812d-0242ac12000a','00112266-3230-11ee-812d-0242ac12000a',true),
('7c19038b-c8e3-4631-9e38-7d436797c30c',7,4.199999809265137,9.399999618530273,13.59999942779541,'c889e900-33f4-11ee-812d-0242ac12000a','00112267-3230-11ee-812d-0242ac12000a',true),
('0928d175-dc1a-4574-ae98-9dde7e05d8c2',0,4.400000095367432,9.5,13.899999618530273,'c889e900-33f4-11ee-812d-0242ac12000a','00112248-3230-11ee-812d-0242ac12000a',true),
('0554aa1b-edc0-4c1e-bcb1-6b0857ee0612',0,4.400000095367432,9.5,13.899999618530273,'c889e900-33f4-11ee-812d-0242ac12000a','0011224a-3230-11ee-812d-0242ac12000a',true),
('3f5ac110-dcb7-4019-a82c-6a9fa0ab0480',0,4.199999809265137,9.5,13.699999809265137,'c889e900-33f4-11ee-812d-0242ac12000a','0011224d-3230-11ee-812d-0242ac12000a',true),
('4f218361-d962-4eb1-ab6a-9452340fe929',3,4.099999904632568,8.899999618530273,13,'c889e900-33f4-11ee-812d-0242ac12000a','0011225d-3230-11ee-812d-0242ac12000a',true),
('6d24f213-963e-4a8b-b062-e401b433cda3',3,4.099999904632568,8.899999618530273,13,'c889e900-33f4-11ee-812d-0242ac12000a','0011225e-3230-11ee-812d-0242ac12000a',true),
('608dfec3-a7d9-40c8-be7c-4d303c5f95df',6,4.125,9.300000190734863,13.425000190734863,'c889e900-33f4-11ee-812d-0242ac12000a','00112267-3230-11ee-812d-0242ac12000a',true),
('a3973a29-d564-4826-8dff-4da2bb07ab7b',6,4.125,9.300000190734863,13.425000190734863,'c889e900-33f4-11ee-812d-0242ac12000a','00112264-3230-11ee-812d-0242ac12000a',true),
('827c3109-459c-410c-9189-c77b056a6cb5',6,4.125,9.100000381469727,13.225000381469727,'c889e900-33f4-11ee-812d-0242ac12000a','00112265-3230-11ee-812d-0242ac12000a',true),
('6cb39bb1-712b-4335-a9d3-8602c9098a91',6,4.199999809265137,9.100000381469727,13.300000190734863,'c889e900-33f4-11ee-812d-0242ac12000a','00112266-3230-11ee-812d-0242ac12000a',true),
('ef2aeeb6-899f-4e5b-b0c9-234c6318dd3b',7,4.199999809265137,9.399999618530273,13.59999942779541,'c889e900-33f4-11ee-812d-0242ac12000a','0011224f-3230-11ee-812d-0242ac12000a',true),
('1b4531e1-d264-4594-b7b1-57621fd0aa3e',7,4.300000190734863,9.100000381469727,13.40000057220459,'c889e900-33f4-11ee-812d-0242ac12000a','00112248-3230-11ee-812d-0242ac12000a',true),
('b9a28489-5774-4264-8ad7-79426ca32872',7,4.300000190734863,9.399999618530273,13.699999809265137,'c889e900-33f4-11ee-812d-0242ac12000a','0011224a-3230-11ee-812d-0242ac12000a',true),
('7e0948ba-743f-421a-bd97-567a9901af49',7,4.300000190734863,8.699999809265137,13,'c889e900-33f4-11ee-812d-0242ac12000a','0011224d-3230-11ee-812d-0242ac12000a',true),
('754a0ad2-d297-400d-8161-c3cdfda30e09',0,4.300000190734863,9.300000190734863,13.600000381469727,'c889e900-33f4-11ee-812d-0242ac12000a','00112256-3230-11ee-812d-0242ac12000a',true),
('13e05372-96d9-4eb1-a9f2-cbf562c4117a',0,4.099999904632568,9.100000381469727,13.200000762939453,'c889e900-33f4-11ee-812d-0242ac12000a','00112254-3230-11ee-812d-0242ac12000a',true),
('564ce987-3c58-465c-bf86-e03039c06b2f',0,4.400000095367432,9.300000190734863,13.700000762939453,'c889e900-33f4-11ee-812d-0242ac12000a','00112255-3230-11ee-812d-0242ac12000a',true),
('eb9ebe34-8dd8-45fc-a06f-71117743842f',3,4.099999904632568,8.899999618530273,13,'c889e900-33f4-11ee-812d-0242ac12000a','00112266-3230-11ee-812d-0242ac12000a',true),
('9a873958-3758-4984-affb-e3da7201c724',3,4.099999904632568,9.300000190734863,13.399999618530273,'c889e900-33f4-11ee-812d-0242ac12000a','00112267-3230-11ee-812d-0242ac12000a',true),
('622e0bf4-4bc9-4fe6-9e92-98800646a49d',3,4.300000190734863,9.300000190734863,13.600000381469727,'c889e900-33f4-11ee-812d-0242ac12000a','00112264-3230-11ee-812d-0242ac12000a',true),
('d1f49d99-9b4e-4516-8694-f3aaedb3c377',3,4.099999904632568,9.399999618530273,13.5,'c889e900-33f4-11ee-812d-0242ac12000a','00112265-3230-11ee-812d-0242ac12000a',true),
('a0189a1d-891f-427a-8e71-e3a00bee641a',6,3,8,11,'c889e900-33f4-11ee-812d-0242ac12000a','0011224d-3230-11ee-812d-0242ac12000a',true),
('8bdfb897-30ec-48eb-81a3-1d43f59b5cf2',6,4,9,13,'c889e900-33f4-11ee-812d-0242ac12000a','0011224f-3230-11ee-812d-0242ac12000a',true),
('763c8718-656b-4c5b-9281-3628fcee35cc',6,4.199999809265137,9,13.199999809265137,'c889e900-33f4-11ee-812d-0242ac12000a','00112248-3230-11ee-812d-0242ac12000a',true),
('7f788fad-83b6-4cfe-8a94-640d8d1125b0',6,4.300000190734863,9.100000381469727,13.40000057220459,'c889e900-33f4-11ee-812d-0242ac12000a','0011224a-3230-11ee-812d-0242ac12000a',true),
('df3ee456-e87f-4bb6-8663-4532369a2ed8',7,4.300000190734863,8.699999809265137,13,'c889e900-33f4-11ee-812d-0242ac12000a','00112255-3230-11ee-812d-0242ac12000a',true),
('f732e678-4dcc-47d9-8131-e823118e0d94',7,4.400000095367432,8.899999618530273,13.299999237060547,'c889e900-33f4-11ee-812d-0242ac12000a','00112256-3230-11ee-812d-0242ac12000a',true),
('6c1de122-4c71-4ad4-b7c9-962bf69af555',7,4.599999904632568,8.899999618530273,13.5,'c889e900-33f4-11ee-812d-0242ac12000a','00112254-3230-11ee-812d-0242ac12000a',true),
('05dd8743-a78f-4d16-a483-a4545e917466',0,3,9.300000190734863,12.300000190734863,'c889e900-33f4-11ee-812d-0242ac12000a','0011225e-3230-11ee-812d-0242ac12000a',true),
('74c3991e-4636-4bc6-96d4-cef7bb518303',0,4,9.300000190734863,13.300000190734863,'c889e900-33f4-11ee-812d-0242ac12000a','0011225f-3230-11ee-812d-0242ac12000a',true),
('7603f965-8edd-4663-9b0d-d95546e1fdc3',0,4,9.100000381469727,13.100000381469727,'c889e900-33f4-11ee-812d-0242ac12000a','0011225c-3230-11ee-812d-0242ac12000a',true),
('669f761e-ec5f-4b26-9747-51fffb2bba66',0,4.099999904632568,9.5,13.600000381469727,'c889e900-33f4-11ee-812d-0242ac12000a','0011225d-3230-11ee-812d-0242ac12000a',true),
('26818e02-4ecd-4017-9d5d-77ec9e235deb',3,4.099999904632568,9.399999618530273,13.5,'c889e900-33f4-11ee-812d-0242ac12000a','0011224a-3230-11ee-812d-0242ac12000a',true),
('43ff8e8a-d22a-4fca-99fb-5b470c0b3444',3,4.300000190734863,9.399999618530273,13.699999809265137,'c889e900-33f4-11ee-812d-0242ac12000a','0011224d-3230-11ee-812d-0242ac12000a',true),
('d277e105-1272-4045-8889-196f070ad536',3,4.099999904632568,9.399999618530273,13.5,'c889e900-33f4-11ee-812d-0242ac12000a','0011224f-3230-11ee-812d-0242ac12000a',true),
('24c76ad7-e31a-40dc-aedb-e14caedc09e8',3,4.099999904632568,9.100000381469727,13.200000762939453,'c889e900-33f4-11ee-812d-0242ac12000a','00112248-3230-11ee-812d-0242ac12000a',true),
('6846859b-062a-43b8-8b2c-58c246670fd2',6,4.300000190734863,9.100000381469727,13.40000057220459,'c889e900-33f4-11ee-812d-0242ac12000a','00112254-3230-11ee-812d-0242ac12000a',true),
('70eadaff-b949-4ee1-b222-6da50510b43c',6,4.099999904632568,9.199999809265137,13.299999237060547,'c889e900-33f4-11ee-812d-0242ac12000a','00112255-3230-11ee-812d-0242ac12000a',true),
('0dfdc767-5e37-4630-bd4a-197bfb506eb8',6,4.400000095367432,9,13.399999618530273,'c889e900-33f4-11ee-812d-0242ac12000a','00112256-3230-11ee-812d-0242ac12000a',true),
('f7af86fa-1dd2-4f18-904e-2dfe32937e00',7,4.400000095367432,9.100000381469727,13.5,'c889e900-33f4-11ee-812d-0242ac12000a','0011225d-3230-11ee-812d-0242ac12000a',true),
('f67610e2-3ae2-4d4e-8a2c-dcd948562fc1',7,4.400000095367432,9.300000190734863,13.700000762939453,'c889e900-33f4-11ee-812d-0242ac12000a','0011225e-3230-11ee-812d-0242ac12000a',true),
('b1913e67-a831-4403-994e-d0d6b5720074',7,4.199999809265137,9.300000190734863,13.5,'c889e900-33f4-11ee-812d-0242ac12000a','0011225f-3230-11ee-812d-0242ac12000a',true),
('cd620d95-caca-41f5-93f6-2000673228e6',7,4.199999809265137,9.399999618530273,13.59999942779541,'c889e900-33f4-11ee-812d-0242ac12000a','0011225c-3230-11ee-812d-0242ac12000a',true),
('8484f4b8-b84f-4012-870b-ed44f8c33f27',0,4.099999904632568,9.5,13.600000381469727,'c889e900-33f4-11ee-812d-0242ac12000a','00112265-3230-11ee-812d-0242ac12000a',true),
('55f5bbc2-6cee-4547-9c77-12477975c56f',0,4.199999809265137,9.100000381469727,13.300000190734863,'c889e900-33f4-11ee-812d-0242ac12000a','00112266-3230-11ee-812d-0242ac12000a',true),
('a2b389d8-320a-4628-bf50-6690f815de76',0,4,9.100000381469727,13.100000381469727,'c889e900-33f4-11ee-812d-0242ac12000a','00112267-3230-11ee-812d-0242ac12000a',true),
('045d423c-0f5e-456e-853d-f85d046ea44f',0,4,9.300000190734863,13.300000190734863,'c889e900-33f4-11ee-812d-0242ac12000a','00112264-3230-11ee-812d-0242ac12000a',true),
('df46bbfc-3ef2-49ca-8c3e-02dd12e97515',3,4.099999904632568,9.100000381469727,13.200000762939453,'c889e900-33f4-11ee-812d-0242ac12000a','00112257-3230-11ee-812d-0242ac12000a',true),
('52cbccf3-e19c-4146-885a-24197521ba65',3,4.199999809265137,9.100000381469727,13.300000190734863,'c889e900-33f4-11ee-812d-0242ac12000a','00112258-3230-11ee-812d-0242ac12000a',true),
('397db04d-2c6a-408b-a250-0ca2bd0070ae',3,4.199999809265137,9.300000190734863,13.5,'c889e900-33f4-11ee-812d-0242ac12000a','00112259-3230-11ee-812d-0242ac12000a',true),
('d78565d0-c360-41b3-a9fe-d2b3f7980505',3,4.400000095367432,9.300000190734863,13.700000762939453,'c889e900-33f4-11ee-812d-0242ac12000a','6b0afab0-33a3-11ee-812d-0242ac12000a',true),
('838aa449-454b-4ac3-97d2-c6c7d18db43f',6,4.400000095367432,9,13.399999618530273,'c889e900-33f4-11ee-812d-0242ac12000a','00112260-3230-11ee-812d-0242ac12000a',true),
('c30c4f7b-d78e-49c4-a164-c13d252c46b7',6,4.199999809265137,9,13.199999809265137,'c889e900-33f4-11ee-812d-0242ac12000a','00112261-3230-11ee-812d-0242ac12000a',true),
('22e6e780-62c4-4da2-9332-05dc1a809c82',6,4.199999809265137,9.199999809265137,13.399999618530273,'c889e900-33f4-11ee-812d-0242ac12000a','00112262-3230-11ee-812d-0242ac12000a',true),
('e0c013bd-28d9-4a7f-88ea-8107449ef812',6,4.099999904632568,9.199999809265137,13.299999237060547,'c889e900-33f4-11ee-812d-0242ac12000a','00112263-3230-11ee-812d-0242ac12000a',true),
('bfa2efa4-6dcd-4b92-877a-327a9e014889',7,4.300000190734863,9.399999618530273,13.699999809265137,'c889e900-33f4-11ee-812d-0242ac12000a','00112268-3230-11ee-812d-0242ac12000a',true),
('56bc7533-737d-4c13-9376-1e59bd07bd48',7,4.099999904632568,9.100000381469727,13.200000762939453,'c889e900-33f4-11ee-812d-0242ac12000a','00112269-3230-11ee-812d-0242ac12000a',true),
('ce4b3349-8461-4441-a635-165a974b6111',7,4.400000095367432,9.100000381469727,13.5,'c889e900-33f4-11ee-812d-0242ac12000a','0011226a-3230-11ee-812d-0242ac12000a',true),
('96ab5d76-5235-4718-8740-d0d93a544248',7,4.099999904632568,9.100000381469727,13.200000762939453,'c889e900-33f4-11ee-812d-0242ac12000a','0011226b-3230-11ee-812d-0242ac12000a',true),
('3b8b35fe-e5be-4df8-a246-0ebc2154fec1',0,3.799999952316284,9.300000190734863,13.100000381469727,'c889e900-33f4-11ee-812d-0242ac12000a','00112250-3230-11ee-812d-0242ac12000a',true),
('854440c1-3a7f-4c06-b1de-c525a9720b40',0,3.9000000953674316,9.300000190734863,13.200000762939453,'c889e900-33f4-11ee-812d-0242ac12000a','00112251-3230-11ee-812d-0242ac12000a',true),
('de88c583-d761-40a0-9083-f1e29fc33711',0,4.099999904632568,9.300000190734863,13.399999618530273,'c889e900-33f4-11ee-812d-0242ac12000a','00112252-3230-11ee-812d-0242ac12000a',true),
('44f7dba5-5998-4419-a34d-cd26e31ed330',0,4.400000095367432,9.300000190734863,13.700000762939453,'c889e900-33f4-11ee-812d-0242ac12000a','00112253-3230-11ee-812d-0242ac12000a',true),
('ab4e8a2a-d089-4a66-bb1d-440cca1ba921',3,4.400000095367432,9.300000190734863,13.700000762939453,'c889e900-33f4-11ee-812d-0242ac12000a','00112263-3230-11ee-812d-0242ac12000a',true),
('d35d8b1e-7eac-4875-80b2-b17b45681578',3,4.199999809265137,9.300000190734863,13.5,'c889e900-33f4-11ee-812d-0242ac12000a','00112260-3230-11ee-812d-0242ac12000a',true),
('087aa33a-3901-42d0-bd67-e29b50dd7883',3,4.400000095367432,9.199999809265137,13.600000381469727,'c889e900-33f4-11ee-812d-0242ac12000a','00112261-3230-11ee-812d-0242ac12000a',true),
('f91fedc3-d6a5-4fb1-8bfa-81d6d058d049',3,4.099999904632568,9.199999809265137,13.299999237060547,'c889e900-33f4-11ee-812d-0242ac12000a','00112262-3230-11ee-812d-0242ac12000a',true),
('391fb874-259f-47d4-b0a0-baae263e05ba',6,4.099999904632568,9.199999809265137,13.299999237060547,'c889e900-33f4-11ee-812d-0242ac12000a','0011226b-3230-11ee-812d-0242ac12000a',true),
('b01cac5c-a687-4c05-9503-9d161a6244a6',6,4.300000190734863,9.199999809265137,13.5,'c889e900-33f4-11ee-812d-0242ac12000a','00112268-3230-11ee-812d-0242ac12000a',true),
('0b2ed854-32d9-4a6e-a733-7a0105d29110',6,4.199999809265137,9.399999618530273,13.59999942779541,'c889e900-33f4-11ee-812d-0242ac12000a','00112269-3230-11ee-812d-0242ac12000a',true),
('07679aa2-ece3-4bef-b442-cf0ef50b42e4',6,4.199999809265137,9.699999809265137,13.899999618530273,'c889e900-33f4-11ee-812d-0242ac12000a','0011226a-3230-11ee-812d-0242ac12000a',true),
('cb2662dd-dc27-4c9b-ba21-50ac9ce2ffca',7,4.099999904632568,9.100000381469727,13.200000762939453,'c889e900-33f4-11ee-812d-0242ac12000a','00112253-3230-11ee-812d-0242ac12000a',true),
('05de23fe-a907-4cf1-b712-23e7ae3ddc25',7,4.300000190734863,9.300000190734863,13.600000381469727,'c889e900-33f4-11ee-812d-0242ac12000a','00112250-3230-11ee-812d-0242ac12000a',true),
('4085ef06-4f66-4768-94ec-5d5db447b308',7,4.599999904632568,9.5,14.100000381469727,'c889e900-33f4-11ee-812d-0242ac12000a','00112251-3230-11ee-812d-0242ac12000a',true),
('99a34860-5687-44f7-9f7f-31533bd2a220',7,4.300000190734863,9.5,13.800000190734863,'c889e900-33f4-11ee-812d-0242ac12000a','00112252-3230-11ee-812d-0242ac12000a',true),
('4c2c1471-0f8a-4879-aa20-1f62c720e973',0,4.199999809265137,9.5,13.699999809265137,'c889e900-33f4-11ee-812d-0242ac12000a','00112258-3230-11ee-812d-0242ac12000a',true),
('1d1fa022-aa48-47ca-a3dc-2833a6ed51c8',0,4.199999809265137,9.199999809265137,13.399999618530273,'c889e900-33f4-11ee-812d-0242ac12000a','00112259-3230-11ee-812d-0242ac12000a',true),
('7ff63ae3-2b8a-4a3c-bbdf-074cee847cdf',0,4,9.300000190734863,13.300000190734863,'c889e900-33f4-11ee-812d-0242ac12000a','6b0afab0-33a3-11ee-812d-0242ac12000a',true),
('bbd2e8cc-4dd0-497d-b4a9-7f98de12909a',0,4,9.5,13.5,'c889e900-33f4-11ee-812d-0242ac12000a','00112257-3230-11ee-812d-0242ac12000a',true),
('0af4efe6-2ea3-4cc8-8408-d1ec60998c5d',3,4.099999904632568,9.199999809265137,13.299999237060547,'c889e900-33f4-11ee-812d-0242ac12000a','0011226a-3230-11ee-812d-0242ac12000a',true),
('c740de56-0e1a-4e11-832e-ebb5c97c4c74',3,4.300000190734863,9.199999809265137,13.5,'c889e900-33f4-11ee-812d-0242ac12000a','0011226b-3230-11ee-812d-0242ac12000a',true),
('50c3219d-f295-43ac-80fa-c8cdb5c10754',3,4.199999809265137,9.199999809265137,13.399999618530273,'c889e900-33f4-11ee-812d-0242ac12000a','00112268-3230-11ee-812d-0242ac12000a',true),
('f1492c69-07c2-415e-870a-7db3b0c2f25d',3,4.5,9.100000381469727,13.600000381469727,'c889e900-33f4-11ee-812d-0242ac12000a','00112269-3230-11ee-812d-0242ac12000a',true),
('85d86e26-4a50-412b-addd-78d0b3697a3a',6,4.199999809265137,9.699999809265137,13.899999618530273,'c889e900-33f4-11ee-812d-0242ac12000a','00112252-3230-11ee-812d-0242ac12000a',true),
('008d92a9-6efc-4c9d-b9da-b5cecc899eed',6,4.199999809265137,9.100000381469727,13.300000190734863,'c889e900-33f4-11ee-812d-0242ac12000a','00112253-3230-11ee-812d-0242ac12000a',true),
('70f4d73f-51fe-4e0f-a072-540cead7047f',6,4.400000095367432,9.300000190734863,13.700000762939453,'c889e900-33f4-11ee-812d-0242ac12000a','00112250-3230-11ee-812d-0242ac12000a',true),
('d2cabaf4-9a3e-4370-817e-f74082dff233',6,4.099999904632568,9.399999618530273,13.5,'c889e900-33f4-11ee-812d-0242ac12000a','00112251-3230-11ee-812d-0242ac12000a',true);
INSERT INTO public.scores (id,apparatus,d_score,e_score,total_score,competition_id,contestant_id,submitted) VALUES
('ed1e6e38-853b-4f1c-819a-5ae9a2e10987',7,4.300000190734863,9.5,13.800000190734863,'c889e900-33f4-11ee-812d-0242ac12000a','00112259-3230-11ee-812d-0242ac12000a',true),
('f5fd107b-12f6-4947-bd62-91d7fcc85eef',7,4.099999904632568,9.100000381469727,13.200000762939453,'c889e900-33f4-11ee-812d-0242ac12000a','6b0afab0-33a3-11ee-812d-0242ac12000a',true),
('cb8a1eed-7e17-4f61-b679-53d34fe148b7',7,4,9.100000381469727,13.100000381469727,'c889e900-33f4-11ee-812d-0242ac12000a','00112257-3230-11ee-812d-0242ac12000a',true),
('566bac99-15db-4bd6-b94e-37cf62a24364',7,4.300000190734863,9,13.300000190734863,'c889e900-33f4-11ee-812d-0242ac12000a','00112258-3230-11ee-812d-0242ac12000a',true),
('fd1247e3-16ef-4f44-badd-d57fde630dfb',0,4.199999809265137,9.199999809265137,13.399999618530273,'c889e900-33f4-11ee-812d-0242ac12000a','00112262-3230-11ee-812d-0242ac12000a',true),
('b822dd68-6958-4298-a1a7-15c00f1afd00',0,4.199999809265137,9.100000381469727,13.300000190734863,'c889e900-33f4-11ee-812d-0242ac12000a','00112263-3230-11ee-812d-0242ac12000a',true),
('adbcf997-4ced-47ec-849e-bf199b0610af',0,4.199999809265137,9,13.199999809265137,'c889e900-33f4-11ee-812d-0242ac12000a','00112260-3230-11ee-812d-0242ac12000a',true),
('b246b7b9-b0fa-4d5a-acc8-afaa8d487a83',0,4.400000095367432,9.300000190734863,13.700000762939453,'c889e900-33f4-11ee-812d-0242ac12000a','00112261-3230-11ee-812d-0242ac12000a',true),
('fec8e130-9e6f-4399-b8e4-9ba1588ff2e1',3,4.5,9.300000190734863,13.800000190734863,'c889e900-33f4-11ee-812d-0242ac12000a','00112251-3230-11ee-812d-0242ac12000a',true),
('84f11c9e-4fee-4601-a5aa-0b5ed3941427',3,4.199999809265137,9.5,13.699999809265137,'c889e900-33f4-11ee-812d-0242ac12000a','00112252-3230-11ee-812d-0242ac12000a',true),
('7b8ddcc8-b27b-4ab5-9594-fd43b55b484a',3,4.400000095367432,9.699999809265137,14.100000381469727,'c889e900-33f4-11ee-812d-0242ac12000a','00112253-3230-11ee-812d-0242ac12000a',true),
('9b610358-a7f5-419f-a4c9-0aad305f53f1',3,4.199999809265137,9.699999809265137,13.899999618530273,'c889e900-33f4-11ee-812d-0242ac12000a','00112250-3230-11ee-812d-0242ac12000a',true),
('9c65e748-9a5f-4635-a5e1-1c39d64b003d',6,4.099999904632568,9.399999618530273,13.5,'c889e900-33f4-11ee-812d-0242ac12000a','00112258-3230-11ee-812d-0242ac12000a',true),
('c0a00ba3-1da9-41c4-9ba0-cdec71336abf',6,4.099999904632568,9.199999809265137,13.299999237060547,'c889e900-33f4-11ee-812d-0242ac12000a','00112259-3230-11ee-812d-0242ac12000a',true),
('5350af4b-88ca-4a68-b2ce-fb795e7dd2ba',6,4.400000095367432,9.300000190734863,13.700000762939453,'c889e900-33f4-11ee-812d-0242ac12000a','6b0afab0-33a3-11ee-812d-0242ac12000a',true),
('68a229bf-dbb3-414b-86f4-ce86c225d32f',6,4.400000095367432,9.5,13.899999618530273,'c889e900-33f4-11ee-812d-0242ac12000a','00112257-3230-11ee-812d-0242ac12000a',true),
('35359341-dd18-4cae-bfe9-484bd572bf8a',7,4.300000190734863,9,13.300000190734863,'c889e900-33f4-11ee-812d-0242ac12000a','00112261-3230-11ee-812d-0242ac12000a',true),
('07887157-d38c-4657-8675-96f9a4f1ac33',7,4.5,9.199999809265137,13.699999809265137,'c889e900-33f4-11ee-812d-0242ac12000a','00112262-3230-11ee-812d-0242ac12000a',true),
('066c3750-4dde-42f1-b7ea-4987d6a21424',7,4.199999809265137,9.199999809265137,13.399999618530273,'c889e900-33f4-11ee-812d-0242ac12000a','00112263-3230-11ee-812d-0242ac12000a',true),
('ba87fbc5-3ee8-43c6-abfc-98f2c4dfeda6',7,4.300000190734863,9.100000381469727,13.40000057220459,'c889e900-33f4-11ee-812d-0242ac12000a','00112260-3230-11ee-812d-0242ac12000a',true),
('448baa1f-2187-4cd5-ae7a-67c2a394890b',0,4.400000095367432,9.300000190734863,13.700000762939453,'c889e900-33f4-11ee-812d-0242ac12000a','00112269-3230-11ee-812d-0242ac12000a',true),
('e73b6efa-a258-48b9-b1f7-7ac0bccd9f02',0,4,9.100000381469727,13.100000381469727,'c889e900-33f4-11ee-812d-0242ac12000a','0011226a-3230-11ee-812d-0242ac12000a',true),
('a3e79356-1664-40b6-9b69-b11c80d40d6f',0,4,9.199999809265137,13.199999809265137,'c889e900-33f4-11ee-812d-0242ac12000a','0011226b-3230-11ee-812d-0242ac12000a',true),
('13d4ff47-cdd4-4f53-8371-e861612d4c5f',0,4.300000190734863,9.199999809265137,13.5,'c889e900-33f4-11ee-812d-0242ac12000a','00112268-3230-11ee-812d-0242ac12000a',true);

INSERT INTO public.schedules (id,competition_id,apparatus_order) VALUES
('edea6df5-2eb4-4abd-8698-02937a79668a','c889e900-33f4-11ee-812d-0242ac12000a','[0,7,6,3]');

INSERT INTO public.sessions (id,"number",current_rotation,finished,schedule_id) VALUES
('6065b5fb-eee9-4972-99a9-a43db8d7ad96',1,3,true,'edea6df5-2eb4-4abd-8698-02937a79668a'),
('3b4aaa3b-66e5-470a-b2a7-62e74f9cdbd0',2,3,true,'edea6df5-2eb4-4abd-8698-02937a79668a');


INSERT INTO public.schedule_slots (id,session_id,starting_apparatus,scored_apparatuses,contestant_id,"position",competing_apparatuses) VALUES
	 ('fb808383-268a-4989-8b3b-c5ae78e8ea3d','3b4aaa3b-66e5-470a-b2a7-62e74f9cdbd0',3,'[3,0,7,6]','00112258-3230-11ee-812d-0242ac12000a',0,'[3,0,7,6]'),
	 ('bf71a8ca-e93d-44e5-a988-30a6d22bab6d','3b4aaa3b-66e5-470a-b2a7-62e74f9cdbd0',3,'[3,0,7,6]','00112259-3230-11ee-812d-0242ac12000a',1,'[3,0,7,6]'),
	 ('32416a65-a230-4d65-ab41-317475167c7d','3b4aaa3b-66e5-470a-b2a7-62e74f9cdbd0',3,'[3,0,7,6]','00112257-3230-11ee-812d-0242ac12000a',3,'[3,0,7,6]'),
	 ('b3903fb6-10e9-40b9-ac0c-5e13955302f1','3b4aaa3b-66e5-470a-b2a7-62e74f9cdbd0',6,'[6,3,0,7]','00112261-3230-11ee-812d-0242ac12000a',0,'[6,3,0,7]'),
	 ('9438297f-d369-42af-b2bf-82262e1ea558','3b4aaa3b-66e5-470a-b2a7-62e74f9cdbd0',6,'[6,3,0,7]','00112262-3230-11ee-812d-0242ac12000a',1,'[6,3,0,7]'),
	 ('0062f148-be7e-4482-838b-ed2ca5ffa243','3b4aaa3b-66e5-470a-b2a7-62e74f9cdbd0',6,'[6,3,0,7]','00112263-3230-11ee-812d-0242ac12000a',2,'[6,3,0,7]'),
	 ('1d605bcd-6782-4328-a9d0-6e5242629956','3b4aaa3b-66e5-470a-b2a7-62e74f9cdbd0',7,'[7,6,3,0]','00112269-3230-11ee-812d-0242ac12000a',0,'[7,6,3,0]'),
	 ('b45fe1ab-0c06-4011-b934-3aaa1c9b010b','3b4aaa3b-66e5-470a-b2a7-62e74f9cdbd0',7,'[7,6,3,0]','0011226a-3230-11ee-812d-0242ac12000a',1,'[7,6,3,0]'),
	 ('0acc6e2a-34d1-45d7-8da7-54f6fceb899e','3b4aaa3b-66e5-470a-b2a7-62e74f9cdbd0',0,'[0,7,6,3]','00112251-3230-11ee-812d-0242ac12000a',0,'[0,7,6,3]'),
	 ('e40c2226-860c-4868-8c23-e794a7a3eba0','3b4aaa3b-66e5-470a-b2a7-62e74f9cdbd0',7,'[7,6,3,0]','0011226b-3230-11ee-812d-0242ac12000a',2,'[7,6,3,0]'),
	 ('c3557780-197b-4fca-aed0-8da42aae3c74','3b4aaa3b-66e5-470a-b2a7-62e74f9cdbd0',7,'[7,6,3,0]','00112268-3230-11ee-812d-0242ac12000a',3,'[7,6,3,0]'),
	 ('5087c9ab-1023-46c5-8eb8-2cb794fc8b88','3b4aaa3b-66e5-470a-b2a7-62e74f9cdbd0',0,'[0,7,6,3]','00112252-3230-11ee-812d-0242ac12000a',1,'[0,7,6,3]'),
	 ('57024117-77ed-4036-bebb-ba5c75aa1335','3b4aaa3b-66e5-470a-b2a7-62e74f9cdbd0',0,'[0,7,6,3]','00112253-3230-11ee-812d-0242ac12000a',2,'[0,7,6,3]'),
	 ('3814a522-a4c7-46bb-8a6a-437218a1df7b','3b4aaa3b-66e5-470a-b2a7-62e74f9cdbd0',0,'[0,7,6,3]','00112250-3230-11ee-812d-0242ac12000a',3,'[0,7,6,3]'),
	 ('de37af72-51ea-43f5-8329-fdec5a7a7b1a','6065b5fb-eee9-4972-99a9-a43db8d7ad96',3,'[3,0,7,6]','00112254-3230-11ee-812d-0242ac12000a',0,'[3,0,7,6]'),
	 ('f66e0536-4ff0-4596-8908-5a2e22cb4b2e','6065b5fb-eee9-4972-99a9-a43db8d7ad96',3,'[3,0,7,6]','00112255-3230-11ee-812d-0242ac12000a',1,'[3,0,7,6]'),
	 ('76c1d61f-6ffa-49cd-b8bc-db2c3e256f82','6065b5fb-eee9-4972-99a9-a43db8d7ad96',3,'[3,0,7,6]','00112256-3230-11ee-812d-0242ac12000a',2,'[3,0,7,6]'),
	 ('906c5190-1b6c-497b-9bfc-ebf1c567d46a','6065b5fb-eee9-4972-99a9-a43db8d7ad96',6,'[6,3,0,7]','0011225d-3230-11ee-812d-0242ac12000a',0,'[6,3,0,7]'),
	 ('72eac334-f983-4acc-af56-1eeb0eee0f52','6065b5fb-eee9-4972-99a9-a43db8d7ad96',6,'[6,3,0,7]','0011225c-3230-11ee-812d-0242ac12000a',3,'[6,3,0,7]'),
	 ('8ed13ac5-a575-4b58-958b-3cc189d48864','6065b5fb-eee9-4972-99a9-a43db8d7ad96',7,'[7,6,3,0]','00112265-3230-11ee-812d-0242ac12000a',0,'[7,6,3,0]'),
	 ('1f313647-156e-4ea6-a3ee-ebd97ebd1a89','6065b5fb-eee9-4972-99a9-a43db8d7ad96',7,'[7,6,3,0]','00112266-3230-11ee-812d-0242ac12000a',1,'[7,6,3,0]'),
	 ('952774c9-4cb0-49e1-a267-957a3531b3cc','6065b5fb-eee9-4972-99a9-a43db8d7ad96',7,'[7,6,3,0]','00112267-3230-11ee-812d-0242ac12000a',2,'[7,6,3,0]'),
	 ('c97a4161-a666-4bc8-97d2-cb7509229542','6065b5fb-eee9-4972-99a9-a43db8d7ad96',7,'[7,6,3,0]','00112264-3230-11ee-812d-0242ac12000a',3,'[7,6,3,0]'),
	 ('803cf28f-7112-4497-8b25-191fea19f016','3b4aaa3b-66e5-470a-b2a7-62e74f9cdbd0',3,'[3,0,7,6]','6b0afab0-33a3-11ee-812d-0242ac12000a',2,'[3,0,7,6]'),
	 ('5a9a8414-31f0-457e-a708-4392ff059d5f','3b4aaa3b-66e5-470a-b2a7-62e74f9cdbd0',6,'[6,3,0,7]','00112260-3230-11ee-812d-0242ac12000a',3,'[6,3,0,7]'),
	 ('7e529a26-0b17-4ff5-ba8f-073cca117cc9','6065b5fb-eee9-4972-99a9-a43db8d7ad96',0,'[0,7,6,3]','0011224a-3230-11ee-812d-0242ac12000a',0,'[0,7,6,3]'),
	 ('181e84c1-d7ae-4589-a97e-2320172cf540','6065b5fb-eee9-4972-99a9-a43db8d7ad96',0,'[0,7,6,3]','0011224d-3230-11ee-812d-0242ac12000a',1,'[0,7,6,3]'),
	 ('ee48fc16-d559-43e5-859d-d58fc05b5d49','6065b5fb-eee9-4972-99a9-a43db8d7ad96',0,'[0,7,6,3]','0011224f-3230-11ee-812d-0242ac12000a',2,'[0,7,6,3]'),
	 ('5586daec-efc5-4de4-a6e9-58db799c6e60','6065b5fb-eee9-4972-99a9-a43db8d7ad96',0,'[0,7,6,3]','00112248-3230-11ee-812d-0242ac12000a',3,'[0,7,6,3]'),
	 ('3e7877ed-38eb-4294-9b44-31e42af93e72','6065b5fb-eee9-4972-99a9-a43db8d7ad96',6,'[6,3,0,7]','0011225e-3230-11ee-812d-0242ac12000a',1,'[6,3,0,7]'),
	 ('c9126ed7-d515-4964-bd3b-71b89a585b29','6065b5fb-eee9-4972-99a9-a43db8d7ad96',6,'[6,3,0,7]','0011225f-3230-11ee-812d-0242ac12000a',2,'[6,3,0,7]');



INSERT INTO public.team_scoreboards (id,competition_id,age_category,apparatuses) VALUES
('260b85f7-b508-4765-bf2e-9ce7cbb07101','c889e900-33f4-11ee-812d-0242ac12000a','Juniors','[0,7,6,3]'),
('5d3b85f3-0567-40f9-841c-124e4817cb8e','c889e900-33f4-11ee-812d-0242ac12000a','Seniors','[0,7,6,3]');

INSERT INTO public.team_scoreboard_slots (id,place,sports_organization_id,team_number,apparatus_total_scores,total_score,team_scoreboard_id) VALUES
('6cc37b70-441a-4222-aefb-b4c409c94a9c',1,'80009b81-322a-11ee-812d-0242ac12000a',1,'{"0":41.5,"3":40.7,"6":39.6,"7":40.7}',162.5,'260b85f7-b508-4765-bf2e-9ce7cbb07101'),
('f7d93402-3b74-4114-a240-26bd2b45c084',2,'58bf9179-322b-11ee-812d-0242ac12000a',1,'{"0":40.2,"3":40.5,"6":40.15,"7":40.199997}',161.0500030517578,'260b85f7-b508-4765-bf2e-9ce7cbb07101'),
('5994e308-1ce3-49b7-b009-a5df89214d9d',3,'f70893b0-322a-11ee-812d-0242ac12000a',1,'{"0":40,"3":38.8,"6":41.4,"7":40.8}',161,'260b85f7-b508-4765-bf2e-9ce7cbb07101'),
('f70098b0-e737-4179-9093-cb13827bd6b5',4,'c862da2c-322a-11ee-812d-0242ac12000a',1,'{"0":40.5,"3":37.8,"6":40.1,"7":39.8}',158.1999969482422,'260b85f7-b508-4765-bf2e-9ce7cbb07101'),
('deb02117-aed2-478c-bf9b-f9a3f34807f0',1,'80009b81-322a-11ee-812d-0242ac12000a',1,'{"0":40.300003,"3":41.8,"6":41.1,"7":41.5}',164.6999969482422,'5d3b85f3-0567-40f9-841c-124e4817cb8e'),
('104956ae-d7b8-4a58-8585-cbb14a389155',2,'58bf9179-322b-11ee-812d-0242ac12000a',1,'{"0":40.4,"3":40.5,"6":41,"7":40.4}',162.3000030517578,'5d3b85f3-0567-40f9-841c-124e4817cb8e'),
('b7d88f48-c1a2-4eeb-8725-8e94c3df52b7',3,'f70893b0-322a-11ee-812d-0242ac12000a',1,'{"0":40.4,"3":40.800003,"6":40.1,"7":40.5}',161.8000030517578,'5d3b85f3-0567-40f9-841c-124e4817cb8e'),
('e1f39513-63a3-4ebf-a946-9ddd69f649a5',4,'c862da2c-322a-11ee-812d-0242ac12000a',1,'{"0":40.6,"3":40,"6":40.699997,"7":40.2}',161.5,'5d3b85f3-0567-40f9-841c-124e4817cb8e');

INSERT INTO public.all_around_scoreboards (id,competition_id,age_category,tie_brake,apparatuses) VALUES
('228aab3d-2f81-4aeb-a207-1eb582b1db35','c889e900-33f4-11ee-812d-0242ac12000a','Juniors',false,'[0,7,6,3]'),
('32c4cca2-9931-45b8-a969-748052a368be','c889e900-33f4-11ee-812d-0242ac12000a','Seniors',false,'[0,7,6,3]');

INSERT INTO public.all_around_scoreboard_slots (id,place,contestant_id,all_around_scoreboard_id) VALUES
('c8e0ae0d-0b19-4d08-a478-abaf58ee67a8',1,'0011224a-3230-11ee-812d-0242ac12000a','228aab3d-2f81-4aeb-a207-1eb582b1db35'),
('f07d141e-47e3-4802-ae43-3bf025e346f3',2,'0011225d-3230-11ee-812d-0242ac12000a','228aab3d-2f81-4aeb-a207-1eb582b1db35'),
('552a8ec1-4b23-44ea-9663-85fc74b3083d',3,'00112248-3230-11ee-812d-0242ac12000a','228aab3d-2f81-4aeb-a207-1eb582b1db35'),
('eac0c146-5a55-4459-bc24-591c22b26568',4,'0011224f-3230-11ee-812d-0242ac12000a','228aab3d-2f81-4aeb-a207-1eb582b1db35'),
('eafef484-3da7-4f38-881c-8d0cff7e1b09',5,'00112267-3230-11ee-812d-0242ac12000a','228aab3d-2f81-4aeb-a207-1eb582b1db35'),
('0dbad8a4-3d70-4565-9a50-ac2477ec2b10',6,'0011225c-3230-11ee-812d-0242ac12000a','228aab3d-2f81-4aeb-a207-1eb582b1db35'),
('6fc96957-6561-405c-8b44-57bff0b595f6',7,'00112266-3230-11ee-812d-0242ac12000a','228aab3d-2f81-4aeb-a207-1eb582b1db35'),
('974d37d9-9947-4be5-9998-32a681ab312b',8,'00112265-3230-11ee-812d-0242ac12000a','228aab3d-2f81-4aeb-a207-1eb582b1db35'),
('f454621b-7134-4546-aa2b-c47378c0069c',8,'00112264-3230-11ee-812d-0242ac12000a','228aab3d-2f81-4aeb-a207-1eb582b1db35'),
('3c772a21-9011-4df2-a724-cfaf9fae079a',9,'0011225f-3230-11ee-812d-0242ac12000a','228aab3d-2f81-4aeb-a207-1eb582b1db35'),
('4b680a2d-b787-4aca-a57c-b1aaf8c504c1',10,'00112254-3230-11ee-812d-0242ac12000a','228aab3d-2f81-4aeb-a207-1eb582b1db35'),
('ff707e53-3571-4f08-b6d7-3892f64af4cd',11,'0011225e-3230-11ee-812d-0242ac12000a','228aab3d-2f81-4aeb-a207-1eb582b1db35'),
('5ed3b550-84d6-4e26-8557-df66ee9dee6a',11,'00112256-3230-11ee-812d-0242ac12000a','228aab3d-2f81-4aeb-a207-1eb582b1db35'),
('53d3a8ba-f924-45ba-a9cc-8f2f1f35e770',12,'00112255-3230-11ee-812d-0242ac12000a','228aab3d-2f81-4aeb-a207-1eb582b1db35'),
('40161615-9148-42e0-8250-e87dfc2a6fad',13,'0011224d-3230-11ee-812d-0242ac12000a','228aab3d-2f81-4aeb-a207-1eb582b1db35'),
('b27ada43-fcb1-4296-81a9-a6d327718be2',1,'00112252-3230-11ee-812d-0242ac12000a','32c4cca2-9931-45b8-a969-748052a368be'),
('ac8bff08-f185-4ec8-8046-e992360bf246',2,'00112251-3230-11ee-812d-0242ac12000a','32c4cca2-9931-45b8-a969-748052a368be'),
('401cfa7e-4435-43e5-ae9a-61f7b38f3b91',3,'00112250-3230-11ee-812d-0242ac12000a','32c4cca2-9931-45b8-a969-748052a368be'),
('8fd10529-d87f-40c3-a256-0b179e13f72c',3,'00112253-3230-11ee-812d-0242ac12000a','32c4cca2-9931-45b8-a969-748052a368be'),
('4e1c0dbc-8ca2-43b6-b3b8-944b75ff60c3',4,'00112268-3230-11ee-812d-0242ac12000a','32c4cca2-9931-45b8-a969-748052a368be'),
('3b881c50-ccef-4e50-ad56-214cb2e1445e',4,'00112269-3230-11ee-812d-0242ac12000a','32c4cca2-9931-45b8-a969-748052a368be'),
('929130a7-5d72-4aca-8e7b-05390e3aa850',5,'00112259-3230-11ee-812d-0242ac12000a','32c4cca2-9931-45b8-a969-748052a368be'),
('75fded3f-2420-4dac-bf61-44254ccbc1b1',6,'6b0afab0-33a3-11ee-812d-0242ac12000a','32c4cca2-9931-45b8-a969-748052a368be'),
('ae8a0ff2-1e21-454c-add2-5696e3cf41d8',7,'0011226a-3230-11ee-812d-0242ac12000a','32c4cca2-9931-45b8-a969-748052a368be'),
('fadb1ed3-79bc-4e67-b310-725c26fd2977',7,'00112258-3230-11ee-812d-0242ac12000a','32c4cca2-9931-45b8-a969-748052a368be'),
('8135d581-81c1-4ef7-82b2-06948b0f212c',7,'00112262-3230-11ee-812d-0242ac12000a','32c4cca2-9931-45b8-a969-748052a368be'),
('fea0508e-b76d-4df4-bf43-18cea722f2d4',7,'00112261-3230-11ee-812d-0242ac12000a','32c4cca2-9931-45b8-a969-748052a368be'),
('01a86943-a6fd-4b4e-b347-1554cdfb27fe',8,'00112257-3230-11ee-812d-0242ac12000a','32c4cca2-9931-45b8-a969-748052a368be'),
('a8a5c3cd-b8e5-45d2-ac13-e4050f544ad6',9,'00112263-3230-11ee-812d-0242ac12000a','32c4cca2-9931-45b8-a969-748052a368be'),
('a61bbf48-3075-41a0-8e66-239534cb4461',10,'00112260-3230-11ee-812d-0242ac12000a','32c4cca2-9931-45b8-a969-748052a368be'),
('facd9d21-bd98-4e3f-9519-eb3a64f22c2c',11,'0011226b-3230-11ee-812d-0242ac12000a','32c4cca2-9931-45b8-a969-748052a368be');

INSERT INTO public.panels (id,"type",apparatus,competition_id,score_calculation_method_id) VALUES
('40c198a4-a3ed-4eec-8f20-6ef7e81f0113',1,0,'c889e900-33f4-11ee-812d-0242ac12000a','ac6870a0-271f-49f9-b811-e179b1c0234a'),
('cd635582-8483-4bc1-a62e-b8d293130441',0,0,'c889e900-33f4-11ee-812d-0242ac12000a','ef6826fd-9c2c-4aef-8f41-08ae12147ac1'),
('ddf3904f-c30f-47e3-b6d9-0362de6002e7',1,7,'c889e900-33f4-11ee-812d-0242ac12000a','186eed3d-9fc4-4fe3-b8fc-f24900cfc3e2'),
('6d5f97ff-60be-48c1-9bc3-871ef96d80e3',0,7,'c889e900-33f4-11ee-812d-0242ac12000a','83350a46-0a5c-4c0f-87d5-d8e3f4db7f8b'),
('48437534-a721-448c-8a90-5122efd0a523',1,6,'c889e900-33f4-11ee-812d-0242ac12000a','14654b92-76a7-421d-9da1-8677d515eabd'),
('f617718e-76d6-4eb6-aa37-20bb20a34dda',0,6,'c889e900-33f4-11ee-812d-0242ac12000a','aebdffff-fe05-4e09-83d1-0bb83054dbe2'),
('754c38c9-f201-4886-818a-c6eb459821e1',1,3,'c889e900-33f4-11ee-812d-0242ac12000a','29f28ac8-0a89-4a69-82b2-8cdc265cdfaa'),
('fc8650a4-451f-476f-bb7f-476cfb2a0d51',0,3,'c889e900-33f4-11ee-812d-0242ac12000a','8f0c24c9-9d0e-49f1-ba31-602ef165ab52');

INSERT INTO public.judges (id,full_name,email,licence_type,licence_name,sports_organization_id) VALUES
('f01a8257-32f1-11ee-812d-0242ac12000a','Jelena Petrović','gcotrener+1@gmail.com',1,'Professional Licence','80009b81-322a-11ee-812d-0242ac12000a'),
('f01a8258-32f1-11ee-812d-0242ac12000a','Milica Đukić','gcotrener+2@gmail.com',0,'Amateur Licence','80009b81-322a-11ee-812d-0242ac12000a'),
('f01a8259-32f1-11ee-812d-0242ac12000a','Ana Stanković','gcotrener+3@gmail.com',1,'Level 1 Licence','80009b81-322a-11ee-812d-0242ac12000a'),
('f01a825a-32f1-11ee-812d-0242ac12000a','Jovana Nikolić','gcotrener+4@gmail.com',0,'Novice Licence','80009b81-322a-11ee-812d-0242ac12000a'),
('f01a8263-32f1-11ee-812d-0242ac12000a','Emily Johnson','gcotrener+13@gmail.com',1,'Professional Licence','58bf9179-322b-11ee-812d-0242ac12000a'),
('f01a8264-32f1-11ee-812d-0242ac12000a','Jessica Williams','gcotrener+14@gmail.com',0,'Amateur Licence','58bf9179-322b-11ee-812d-0242ac12000a'),
('f01a8265-32f1-11ee-812d-0242ac12000a','Sarah Brown','gcotrener+15@gmail.com',1,'Level 1 Licence','58bf9179-322b-11ee-812d-0242ac12000a'),
('f01a8266-32f1-11ee-812d-0242ac12000a','Elizabeth Miller','gcotrener+16@gmail.com',0,'Novice Licence','58bf9179-322b-11ee-812d-0242ac12000a');

INSERT INTO public.panel_judges (panel_id,judge_id) VALUES
('40c198a4-a3ed-4eec-8f20-6ef7e81f0113','f01a8257-32f1-11ee-812d-0242ac12000a'),
('cd635582-8483-4bc1-a62e-b8d293130441','f01a8258-32f1-11ee-812d-0242ac12000a'),
('ddf3904f-c30f-47e3-b6d9-0362de6002e7','f01a8259-32f1-11ee-812d-0242ac12000a'),
('6d5f97ff-60be-48c1-9bc3-871ef96d80e3','f01a825a-32f1-11ee-812d-0242ac12000a'),
('48437534-a721-448c-8a90-5122efd0a523','f01a8263-32f1-11ee-812d-0242ac12000a'),
('f617718e-76d6-4eb6-aa37-20bb20a34dda','f01a8264-32f1-11ee-812d-0242ac12000a'),
('754c38c9-f201-4886-818a-c6eb459821e1','f01a8265-32f1-11ee-812d-0242ac12000a'),
('fc8650a4-451f-476f-bb7f-476cfb2a0d51','f01a8266-32f1-11ee-812d-0242ac12000a');


INSERT INTO public.temp_scores (id,"type",apparatus,value,contestant_id,competition_id,judge_id) VALUES
('bcac9173-d432-4eee-ba94-9222de3fd533',1,3,9,'00112254-3230-11ee-812d-0242ac12000a','c889e900-33f4-11ee-812d-0242ac12000a','f01a8266-32f1-11ee-812d-0242ac12000a'),
('b7e11640-17c7-4fcd-905d-9d06d713a892',0,3,4,'00112254-3230-11ee-812d-0242ac12000a','c889e900-33f4-11ee-812d-0242ac12000a','f01a8265-32f1-11ee-812d-0242ac12000a'),
('7250379d-5076-4386-b1c5-d57a17908665',0,3,3.9000000953674316,'00112255-3230-11ee-812d-0242ac12000a','c889e900-33f4-11ee-812d-0242ac12000a','f01a8265-32f1-11ee-812d-0242ac12000a'),
('b448c210-bbc6-4ac4-9dde-abeec389ea87',1,3,8.5,'00112255-3230-11ee-812d-0242ac12000a','c889e900-33f4-11ee-812d-0242ac12000a','f01a8266-32f1-11ee-812d-0242ac12000a'),
('10b8c46d-4817-4870-8a41-c44c621b0a4a',0,3,3.9000000953674316,'00112256-3230-11ee-812d-0242ac12000a','c889e900-33f4-11ee-812d-0242ac12000a','f01a8265-32f1-11ee-812d-0242ac12000a'),
('6d74983b-1dad-4212-8c8d-bdebdd4073b8',1,3,8.5,'00112256-3230-11ee-812d-0242ac12000a','c889e900-33f4-11ee-812d-0242ac12000a','f01a8266-32f1-11ee-812d-0242ac12000a'),
('40df2c84-a378-479b-9de4-2fa3e4a57139',0,6,4.199999809265137,'0011225c-3230-11ee-812d-0242ac12000a','c889e900-33f4-11ee-812d-0242ac12000a','f01a8263-32f1-11ee-812d-0242ac12000a'),
('bb2c5355-0f62-4b6e-b944-b3f41c84dabd',1,6,9.699999809265137,'0011225c-3230-11ee-812d-0242ac12000a','c889e900-33f4-11ee-812d-0242ac12000a','f01a8264-32f1-11ee-812d-0242ac12000a'),
('f157494d-1cc4-4f47-90c1-aeb31b743057',0,6,4.199999809265137,'0011225d-3230-11ee-812d-0242ac12000a','c889e900-33f4-11ee-812d-0242ac12000a','f01a8263-32f1-11ee-812d-0242ac12000a'),
('fdf81643-ae48-4a08-a1d2-2a78e0bd45fb',1,6,9.5,'0011225d-3230-11ee-812d-0242ac12000a','c889e900-33f4-11ee-812d-0242ac12000a','f01a8264-32f1-11ee-812d-0242ac12000a'),
('3c4158a0-422b-4c7f-b9a0-128112227347',0,6,4.099999904632568,'0011225e-3230-11ee-812d-0242ac12000a','c889e900-33f4-11ee-812d-0242ac12000a','f01a8263-32f1-11ee-812d-0242ac12000a'),
('ea6e426a-8a72-401d-a4b1-265d8f9ba677',1,6,9.600000381469727,'0011225e-3230-11ee-812d-0242ac12000a','c889e900-33f4-11ee-812d-0242ac12000a','f01a8264-32f1-11ee-812d-0242ac12000a'),
('ee4aba17-cb53-44f2-aa57-7721fae4e85b',0,6,4.099999904632568,'0011225f-3230-11ee-812d-0242ac12000a','c889e900-33f4-11ee-812d-0242ac12000a','f01a8263-32f1-11ee-812d-0242ac12000a'),
('2d601cc8-7a90-4c40-9961-dc3521f2c30d',1,6,9.699999809265137,'0011225f-3230-11ee-812d-0242ac12000a','c889e900-33f4-11ee-812d-0242ac12000a','f01a8264-32f1-11ee-812d-0242ac12000a'),
('fabde25e-d419-4b8e-8f50-cdc3c4a64d32',0,7,3.9000000953674316,'00112264-3230-11ee-812d-0242ac12000a','c889e900-33f4-11ee-812d-0242ac12000a','f01a8259-32f1-11ee-812d-0242ac12000a'),
('b0d2f4f8-6c4f-4d03-9ed2-24178f03c465',1,7,9,'00112264-3230-11ee-812d-0242ac12000a','c889e900-33f4-11ee-812d-0242ac12000a','f01a825a-32f1-11ee-812d-0242ac12000a'),
('82a57cc0-d051-48fb-ab9c-a3ab29cb3991',0,7,3.9000000953674316,'00112265-3230-11ee-812d-0242ac12000a','c889e900-33f4-11ee-812d-0242ac12000a','f01a8259-32f1-11ee-812d-0242ac12000a'),
('6849a871-cbcd-4aab-b60c-a30b73c6d7fd',1,7,9,'00112265-3230-11ee-812d-0242ac12000a','c889e900-33f4-11ee-812d-0242ac12000a','f01a825a-32f1-11ee-812d-0242ac12000a'),
('3936607e-2afc-436f-a027-dfc461f3161d',0,7,4.099999904632568,'00112266-3230-11ee-812d-0242ac12000a','c889e900-33f4-11ee-812d-0242ac12000a','f01a8259-32f1-11ee-812d-0242ac12000a'),
('ef1fe6be-899f-41af-a973-f2a8927d1948',1,7,9.600000381469727,'00112266-3230-11ee-812d-0242ac12000a','c889e900-33f4-11ee-812d-0242ac12000a','f01a825a-32f1-11ee-812d-0242ac12000a'),
('5abe9d85-8973-4bcd-91a8-b251d2dbc49c',1,7,9.399999618530273,'00112267-3230-11ee-812d-0242ac12000a','c889e900-33f4-11ee-812d-0242ac12000a','f01a825a-32f1-11ee-812d-0242ac12000a'),
('0dcc4e70-1289-4720-a6b9-a7e8d4d94c2f',0,7,4.199999809265137,'00112267-3230-11ee-812d-0242ac12000a','c889e900-33f4-11ee-812d-0242ac12000a','f01a8259-32f1-11ee-812d-0242ac12000a'),
('031900b5-e907-43f8-aed4-7d0f0a9b0562',0,0,4.400000095367432,'00112248-3230-11ee-812d-0242ac12000a','c889e900-33f4-11ee-812d-0242ac12000a','f01a8257-32f1-11ee-812d-0242ac12000a'),
('603275cf-0fc0-401a-b37d-170b18a1428e',1,0,9.5,'00112248-3230-11ee-812d-0242ac12000a','c889e900-33f4-11ee-812d-0242ac12000a','f01a8258-32f1-11ee-812d-0242ac12000a'),
('3026a641-4669-4499-8b19-85f2268fb0a0',1,0,9.5,'0011224a-3230-11ee-812d-0242ac12000a','c889e900-33f4-11ee-812d-0242ac12000a','f01a8258-32f1-11ee-812d-0242ac12000a'),
('76bb13d5-c92c-4ee6-8352-6168769e88c0',0,0,4.400000095367432,'0011224a-3230-11ee-812d-0242ac12000a','c889e900-33f4-11ee-812d-0242ac12000a','f01a8257-32f1-11ee-812d-0242ac12000a'),
('f4d090eb-0752-4afc-adf1-3070f55bb0a4',0,0,4.199999809265137,'0011224d-3230-11ee-812d-0242ac12000a','c889e900-33f4-11ee-812d-0242ac12000a','f01a8257-32f1-11ee-812d-0242ac12000a'),
('c1c4355c-9e79-4b4d-928a-8282c0fd625e',1,0,9.5,'0011224d-3230-11ee-812d-0242ac12000a','c889e900-33f4-11ee-812d-0242ac12000a','f01a8258-32f1-11ee-812d-0242ac12000a'),
('83121fcd-b170-4925-a109-ac4cc885d2ca',0,0,4.300000190734863,'0011224f-3230-11ee-812d-0242ac12000a','c889e900-33f4-11ee-812d-0242ac12000a','f01a8257-32f1-11ee-812d-0242ac12000a'),
('95840d91-5d9c-4e6f-b583-7e6df97f21fa',1,0,9.300000190734863,'0011224f-3230-11ee-812d-0242ac12000a','c889e900-33f4-11ee-812d-0242ac12000a','f01a8258-32f1-11ee-812d-0242ac12000a'),
('5e1ad10a-24fa-4b5e-879c-d563321a4d6b',0,3,3.9000000953674316,'0011225f-3230-11ee-812d-0242ac12000a','c889e900-33f4-11ee-812d-0242ac12000a','f01a8265-32f1-11ee-812d-0242ac12000a'),
('ffe06e7b-0a6c-409b-9413-944366aa3749',1,3,8.699999809265137,'0011225f-3230-11ee-812d-0242ac12000a','c889e900-33f4-11ee-812d-0242ac12000a','f01a8266-32f1-11ee-812d-0242ac12000a'),
('85f83afe-2d23-43d4-9bdb-0fecdb42cb2b',0,3,3.9000000953674316,'0011225c-3230-11ee-812d-0242ac12000a','c889e900-33f4-11ee-812d-0242ac12000a','f01a8265-32f1-11ee-812d-0242ac12000a'),
('d682e9c2-a381-460c-964f-d26d36d9fa32',1,3,8.899999618530273,'0011225c-3230-11ee-812d-0242ac12000a','c889e900-33f4-11ee-812d-0242ac12000a','f01a8266-32f1-11ee-812d-0242ac12000a'),
('e90020de-4e1e-468d-a154-b3b300c52c66',0,3,4.099999904632568,'0011225d-3230-11ee-812d-0242ac12000a','c889e900-33f4-11ee-812d-0242ac12000a','f01a8265-32f1-11ee-812d-0242ac12000a'),
('51746990-027a-4da5-9cc7-ac12a960a21f',1,3,8.899999618530273,'0011225d-3230-11ee-812d-0242ac12000a','c889e900-33f4-11ee-812d-0242ac12000a','f01a8266-32f1-11ee-812d-0242ac12000a'),
('517c86d6-51f0-4eb8-b654-4dd120b16430',0,3,4.099999904632568,'0011225e-3230-11ee-812d-0242ac12000a','c889e900-33f4-11ee-812d-0242ac12000a','f01a8265-32f1-11ee-812d-0242ac12000a'),
('e3019ba1-cba7-4e34-a96d-286dc8583eac',1,3,8.899999618530273,'0011225e-3230-11ee-812d-0242ac12000a','c889e900-33f4-11ee-812d-0242ac12000a','f01a8266-32f1-11ee-812d-0242ac12000a'),
('a68e70c7-469d-4b92-bb17-1332e9a2c1d8',0,6,4.125,'00112267-3230-11ee-812d-0242ac12000a','c889e900-33f4-11ee-812d-0242ac12000a','f01a8263-32f1-11ee-812d-0242ac12000a'),
('018e93e4-f2ce-4422-a496-232d609721e3',1,6,9.300000190734863,'00112267-3230-11ee-812d-0242ac12000a','c889e900-33f4-11ee-812d-0242ac12000a','f01a8264-32f1-11ee-812d-0242ac12000a'),
('3d410011-7330-413f-b20d-7e05409e85dd',0,6,4.125,'00112264-3230-11ee-812d-0242ac12000a','c889e900-33f4-11ee-812d-0242ac12000a','f01a8263-32f1-11ee-812d-0242ac12000a'),
('fbaf4736-b71d-4ef1-a969-438c63909fd5',1,6,9.300000190734863,'00112264-3230-11ee-812d-0242ac12000a','c889e900-33f4-11ee-812d-0242ac12000a','f01a8264-32f1-11ee-812d-0242ac12000a'),
('09ff4627-48ba-410c-8e67-8130a9531050',0,6,4.125,'00112265-3230-11ee-812d-0242ac12000a','c889e900-33f4-11ee-812d-0242ac12000a','f01a8263-32f1-11ee-812d-0242ac12000a'),
('0dcc44f2-7c4a-4963-a187-608366523a52',1,6,9.100000381469727,'00112265-3230-11ee-812d-0242ac12000a','c889e900-33f4-11ee-812d-0242ac12000a','f01a8264-32f1-11ee-812d-0242ac12000a'),
('679d0053-e66a-4281-8ad0-21746e1e7460',0,7,4.300000190734863,'00112248-3230-11ee-812d-0242ac12000a','c889e900-33f4-11ee-812d-0242ac12000a','f01a8259-32f1-11ee-812d-0242ac12000a'),
('7933fd6a-08b4-4f01-8e6e-d85a69e25bf6',1,7,9.100000381469727,'00112248-3230-11ee-812d-0242ac12000a','c889e900-33f4-11ee-812d-0242ac12000a','f01a825a-32f1-11ee-812d-0242ac12000a'),
('6f02546c-9e4a-470a-a31f-ccf7e47d0553',0,7,4.300000190734863,'0011224a-3230-11ee-812d-0242ac12000a','c889e900-33f4-11ee-812d-0242ac12000a','f01a8259-32f1-11ee-812d-0242ac12000a'),
('ef196f72-1db9-415b-86ad-acfefc18c24d',1,7,9.399999618530273,'0011224a-3230-11ee-812d-0242ac12000a','c889e900-33f4-11ee-812d-0242ac12000a','f01a825a-32f1-11ee-812d-0242ac12000a'),
('d02d5693-dd98-4044-bf6b-eed9f7a47a3a',0,7,4.300000190734863,'0011224d-3230-11ee-812d-0242ac12000a','c889e900-33f4-11ee-812d-0242ac12000a','f01a8259-32f1-11ee-812d-0242ac12000a'),
('028dd094-d421-44a8-866b-08e591d3bc5e',1,7,8.699999809265137,'0011224d-3230-11ee-812d-0242ac12000a','c889e900-33f4-11ee-812d-0242ac12000a','f01a825a-32f1-11ee-812d-0242ac12000a'),
('5476bb84-4d7a-4ff5-89f3-20c08db4e154',0,0,4.099999904632568,'00112254-3230-11ee-812d-0242ac12000a','c889e900-33f4-11ee-812d-0242ac12000a','f01a8257-32f1-11ee-812d-0242ac12000a'),
('35fffb4f-32f6-43dc-a404-94ff957de860',1,0,9.100000381469727,'00112254-3230-11ee-812d-0242ac12000a','c889e900-33f4-11ee-812d-0242ac12000a','f01a8258-32f1-11ee-812d-0242ac12000a'),
('299e1092-3186-4e85-b551-150bf4f9c3a5',0,6,4.199999809265137,'00112266-3230-11ee-812d-0242ac12000a','c889e900-33f4-11ee-812d-0242ac12000a','f01a8263-32f1-11ee-812d-0242ac12000a'),
('ace9031e-4586-437c-8956-dbb61a455d31',1,6,9.100000381469727,'00112266-3230-11ee-812d-0242ac12000a','c889e900-33f4-11ee-812d-0242ac12000a','f01a8264-32f1-11ee-812d-0242ac12000a'),
('6d119529-986b-4f7e-b25f-260a998611ee',0,7,4.199999809265137,'0011224f-3230-11ee-812d-0242ac12000a','c889e900-33f4-11ee-812d-0242ac12000a','f01a8259-32f1-11ee-812d-0242ac12000a'),
('1b0f6d69-08e2-4554-be96-69d6dca98751',1,7,9.399999618530273,'0011224f-3230-11ee-812d-0242ac12000a','c889e900-33f4-11ee-812d-0242ac12000a','f01a825a-32f1-11ee-812d-0242ac12000a'),
('d7b9c6b8-ed26-45ee-a131-e3959530fa62',0,0,4.300000190734863,'00112256-3230-11ee-812d-0242ac12000a','c889e900-33f4-11ee-812d-0242ac12000a','f01a8257-32f1-11ee-812d-0242ac12000a'),
('ace463a6-1e0a-4f19-a6f3-71e758578b9a',1,0,9.300000190734863,'00112256-3230-11ee-812d-0242ac12000a','c889e900-33f4-11ee-812d-0242ac12000a','f01a8258-32f1-11ee-812d-0242ac12000a'),
('41087019-60ab-40d2-a487-ccd306823567',0,0,4.400000095367432,'00112255-3230-11ee-812d-0242ac12000a','c889e900-33f4-11ee-812d-0242ac12000a','f01a8257-32f1-11ee-812d-0242ac12000a'),
('de1c077b-7945-4425-a727-b6566e81418a',1,0,9.300000190734863,'00112255-3230-11ee-812d-0242ac12000a','c889e900-33f4-11ee-812d-0242ac12000a','f01a8258-32f1-11ee-812d-0242ac12000a'),
('ccd852e2-b37e-4f91-bca1-08ce34950479',0,3,4.099999904632568,'00112266-3230-11ee-812d-0242ac12000a','c889e900-33f4-11ee-812d-0242ac12000a','f01a8265-32f1-11ee-812d-0242ac12000a'),
('f30d3776-fe24-462c-b09e-283ffc2c93eb',1,3,8.899999618530273,'00112266-3230-11ee-812d-0242ac12000a','c889e900-33f4-11ee-812d-0242ac12000a','f01a8266-32f1-11ee-812d-0242ac12000a'),
('e92cc8f1-2d5a-4f93-a809-c30795322d5c',0,3,4.099999904632568,'00112267-3230-11ee-812d-0242ac12000a','c889e900-33f4-11ee-812d-0242ac12000a','f01a8265-32f1-11ee-812d-0242ac12000a'),
('023ebdcc-2926-4252-ad79-7feac4fd74ad',1,3,9.300000190734863,'00112267-3230-11ee-812d-0242ac12000a','c889e900-33f4-11ee-812d-0242ac12000a','f01a8266-32f1-11ee-812d-0242ac12000a'),
('27160125-5cf8-4dda-980d-b59120584977',0,3,4.300000190734863,'00112264-3230-11ee-812d-0242ac12000a','c889e900-33f4-11ee-812d-0242ac12000a','f01a8265-32f1-11ee-812d-0242ac12000a'),
('1000fd7b-f029-4b74-b387-e14bc5430711',1,3,9.300000190734863,'00112264-3230-11ee-812d-0242ac12000a','c889e900-33f4-11ee-812d-0242ac12000a','f01a8266-32f1-11ee-812d-0242ac12000a'),
('88dc53fa-e9e5-4dcd-8226-aab4a8567dee',0,3,4.099999904632568,'00112265-3230-11ee-812d-0242ac12000a','c889e900-33f4-11ee-812d-0242ac12000a','f01a8265-32f1-11ee-812d-0242ac12000a'),
('82264fb4-2390-4e7f-b51b-8b05f0aad2b2',1,3,9.399999618530273,'00112265-3230-11ee-812d-0242ac12000a','c889e900-33f4-11ee-812d-0242ac12000a','f01a8266-32f1-11ee-812d-0242ac12000a'),
('cc06124b-28dc-42b6-b13d-c92e2ba62d76',0,6,3,'0011224d-3230-11ee-812d-0242ac12000a','c889e900-33f4-11ee-812d-0242ac12000a','f01a8263-32f1-11ee-812d-0242ac12000a'),
('a01a331b-7093-4afa-8e47-f7be64ee32c5',1,6,8,'0011224d-3230-11ee-812d-0242ac12000a','c889e900-33f4-11ee-812d-0242ac12000a','f01a8264-32f1-11ee-812d-0242ac12000a'),
('d87b7362-713a-4c36-be7e-3acc128a5dbd',0,6,4,'0011224f-3230-11ee-812d-0242ac12000a','c889e900-33f4-11ee-812d-0242ac12000a','f01a8263-32f1-11ee-812d-0242ac12000a'),
('737b7335-9945-462b-ba65-fc85e06d50bd',1,6,9,'0011224f-3230-11ee-812d-0242ac12000a','c889e900-33f4-11ee-812d-0242ac12000a','f01a8264-32f1-11ee-812d-0242ac12000a'),
('4621b2ba-98fb-4d64-afa5-3c42ca38c8ea',0,6,4.199999809265137,'00112248-3230-11ee-812d-0242ac12000a','c889e900-33f4-11ee-812d-0242ac12000a','f01a8263-32f1-11ee-812d-0242ac12000a'),
('aa2c609c-2fb8-4ac8-b99f-60dedd5c42b0',1,6,9,'00112248-3230-11ee-812d-0242ac12000a','c889e900-33f4-11ee-812d-0242ac12000a','f01a8264-32f1-11ee-812d-0242ac12000a'),
('22204979-543a-4a3e-b78b-8a6fef88dc0c',0,6,4.300000190734863,'0011224a-3230-11ee-812d-0242ac12000a','c889e900-33f4-11ee-812d-0242ac12000a','f01a8263-32f1-11ee-812d-0242ac12000a'),
('cc407008-1c13-4e52-a174-f017ea64937c',1,6,9.100000381469727,'0011224a-3230-11ee-812d-0242ac12000a','c889e900-33f4-11ee-812d-0242ac12000a','f01a8264-32f1-11ee-812d-0242ac12000a'),
('889e5436-a335-4563-996d-317e1b0035d3',0,7,4.300000190734863,'00112255-3230-11ee-812d-0242ac12000a','c889e900-33f4-11ee-812d-0242ac12000a','f01a8259-32f1-11ee-812d-0242ac12000a'),
('953be05e-4377-4b75-8999-8ad6b5e9a26b',1,7,8.699999809265137,'00112255-3230-11ee-812d-0242ac12000a','c889e900-33f4-11ee-812d-0242ac12000a','f01a825a-32f1-11ee-812d-0242ac12000a'),
('af749482-f1db-4a18-8b12-60f2325f68d2',0,7,4.400000095367432,'00112256-3230-11ee-812d-0242ac12000a','c889e900-33f4-11ee-812d-0242ac12000a','f01a8259-32f1-11ee-812d-0242ac12000a'),
('d703b9bc-da6c-444e-94d6-c2822eeee69c',1,7,8.899999618530273,'00112256-3230-11ee-812d-0242ac12000a','c889e900-33f4-11ee-812d-0242ac12000a','f01a825a-32f1-11ee-812d-0242ac12000a'),
('00529cc2-0e4b-491f-b49e-19b9a9ed082f',0,7,4.599999904632568,'00112254-3230-11ee-812d-0242ac12000a','c889e900-33f4-11ee-812d-0242ac12000a','f01a8259-32f1-11ee-812d-0242ac12000a'),
('1caaa4b9-ed00-4b96-b962-5b3f293b602a',1,7,8.899999618530273,'00112254-3230-11ee-812d-0242ac12000a','c889e900-33f4-11ee-812d-0242ac12000a','f01a825a-32f1-11ee-812d-0242ac12000a'),
('5406c9ba-e33a-46d8-a6bf-013002b2ad08',0,0,3,'0011225e-3230-11ee-812d-0242ac12000a','c889e900-33f4-11ee-812d-0242ac12000a','f01a8257-32f1-11ee-812d-0242ac12000a'),
('f54ef5de-4be7-4e42-851c-e7509eab95a9',1,0,9.300000190734863,'0011225e-3230-11ee-812d-0242ac12000a','c889e900-33f4-11ee-812d-0242ac12000a','f01a8258-32f1-11ee-812d-0242ac12000a'),
('596350c3-08f4-4461-8936-8c5f20125eee',0,0,4,'0011225f-3230-11ee-812d-0242ac12000a','c889e900-33f4-11ee-812d-0242ac12000a','f01a8257-32f1-11ee-812d-0242ac12000a'),
('a5ddc56f-3eb2-4d92-9432-9ab1c9f709d2',1,0,9.300000190734863,'0011225f-3230-11ee-812d-0242ac12000a','c889e900-33f4-11ee-812d-0242ac12000a','f01a8258-32f1-11ee-812d-0242ac12000a'),
('bcb9dfa6-f789-4846-927d-2bee916b7d60',0,0,4,'0011225c-3230-11ee-812d-0242ac12000a','c889e900-33f4-11ee-812d-0242ac12000a','f01a8257-32f1-11ee-812d-0242ac12000a'),
('92d2ea87-8fe3-42bf-8ce2-80290d172d17',1,0,9.100000381469727,'0011225c-3230-11ee-812d-0242ac12000a','c889e900-33f4-11ee-812d-0242ac12000a','f01a8258-32f1-11ee-812d-0242ac12000a'),
('7353e28c-e85c-4214-ae2c-d4c8fef81b51',0,0,4.099999904632568,'0011225d-3230-11ee-812d-0242ac12000a','c889e900-33f4-11ee-812d-0242ac12000a','f01a8257-32f1-11ee-812d-0242ac12000a'),
('df57f9eb-d392-4604-a186-0d4872917af0',1,0,9.5,'0011225d-3230-11ee-812d-0242ac12000a','c889e900-33f4-11ee-812d-0242ac12000a','f01a8258-32f1-11ee-812d-0242ac12000a'),
('840558f3-c25e-4a5a-9603-fb7e26ce9bfc',0,3,4.099999904632568,'0011224a-3230-11ee-812d-0242ac12000a','c889e900-33f4-11ee-812d-0242ac12000a','f01a8265-32f1-11ee-812d-0242ac12000a'),
('e0140571-deb6-479c-a1d4-06519a06311e',1,3,9.399999618530273,'0011224a-3230-11ee-812d-0242ac12000a','c889e900-33f4-11ee-812d-0242ac12000a','f01a8266-32f1-11ee-812d-0242ac12000a'),
('4823b49d-6cc7-47fd-b954-a58be94ef464',0,3,4.300000190734863,'0011224d-3230-11ee-812d-0242ac12000a','c889e900-33f4-11ee-812d-0242ac12000a','f01a8265-32f1-11ee-812d-0242ac12000a'),
('0f45a8f7-9d08-48dc-9965-1f840a180fd2',1,3,9.399999618530273,'0011224d-3230-11ee-812d-0242ac12000a','c889e900-33f4-11ee-812d-0242ac12000a','f01a8266-32f1-11ee-812d-0242ac12000a'),
('90e916e3-7f77-4322-ba10-ec5e777c013b',0,3,4.099999904632568,'0011224f-3230-11ee-812d-0242ac12000a','c889e900-33f4-11ee-812d-0242ac12000a','f01a8265-32f1-11ee-812d-0242ac12000a'),
('15737ac1-0958-4b59-8a51-066ef1f0873c',1,3,9.399999618530273,'0011224f-3230-11ee-812d-0242ac12000a','c889e900-33f4-11ee-812d-0242ac12000a','f01a8266-32f1-11ee-812d-0242ac12000a'),
('20eef361-57c8-4a64-8ef4-afb895b3b28c',0,6,4.099999904632568,'00112255-3230-11ee-812d-0242ac12000a','c889e900-33f4-11ee-812d-0242ac12000a','f01a8263-32f1-11ee-812d-0242ac12000a'),
('2635ad4c-2fbe-4174-8151-6b04ece02584',1,6,9.199999809265137,'00112255-3230-11ee-812d-0242ac12000a','c889e900-33f4-11ee-812d-0242ac12000a','f01a8264-32f1-11ee-812d-0242ac12000a'),
('39a208d3-6971-48a4-94a3-ef564699d4b0',0,7,4.400000095367432,'0011225d-3230-11ee-812d-0242ac12000a','c889e900-33f4-11ee-812d-0242ac12000a','f01a8259-32f1-11ee-812d-0242ac12000a'),
('77103e93-2953-45c1-ac7f-57369242f6fb',1,7,9.100000381469727,'0011225d-3230-11ee-812d-0242ac12000a','c889e900-33f4-11ee-812d-0242ac12000a','f01a825a-32f1-11ee-812d-0242ac12000a');
INSERT INTO public.temp_scores (id,"type",apparatus,value,contestant_id,competition_id,judge_id) VALUES
('18548bcc-4efb-48a0-880d-de7ce90d71ae',0,7,4.199999809265137,'0011225f-3230-11ee-812d-0242ac12000a','c889e900-33f4-11ee-812d-0242ac12000a','f01a8259-32f1-11ee-812d-0242ac12000a'),
('e95c1cd4-9cd4-44eb-a312-6604197aa788',1,7,9.300000190734863,'0011225f-3230-11ee-812d-0242ac12000a','c889e900-33f4-11ee-812d-0242ac12000a','f01a825a-32f1-11ee-812d-0242ac12000a'),
('f119ee4e-0cc1-4760-b369-450162269477',0,7,4.199999809265137,'0011225c-3230-11ee-812d-0242ac12000a','c889e900-33f4-11ee-812d-0242ac12000a','f01a8259-32f1-11ee-812d-0242ac12000a'),
('a5c5b096-a4a9-48b8-8805-82c3f279153c',1,7,9.399999618530273,'0011225c-3230-11ee-812d-0242ac12000a','c889e900-33f4-11ee-812d-0242ac12000a','f01a825a-32f1-11ee-812d-0242ac12000a'),
('6d443790-35e9-42fb-af1d-6adec659925c',0,0,4,'00112267-3230-11ee-812d-0242ac12000a','c889e900-33f4-11ee-812d-0242ac12000a','f01a8257-32f1-11ee-812d-0242ac12000a'),
('6ccf3f74-9b33-43e9-8441-4c3a25f266be',1,0,9.100000381469727,'00112267-3230-11ee-812d-0242ac12000a','c889e900-33f4-11ee-812d-0242ac12000a','f01a8258-32f1-11ee-812d-0242ac12000a'),
('4de202bc-22ae-4979-88fe-31d4a916584d',0,3,4.099999904632568,'00112248-3230-11ee-812d-0242ac12000a','c889e900-33f4-11ee-812d-0242ac12000a','f01a8265-32f1-11ee-812d-0242ac12000a'),
('de0b4773-923d-4ef8-955b-222300ea7d09',1,3,9.100000381469727,'00112248-3230-11ee-812d-0242ac12000a','c889e900-33f4-11ee-812d-0242ac12000a','f01a8266-32f1-11ee-812d-0242ac12000a'),
('ab5b88f0-e506-4006-bcd8-da8f4d4eaaef',0,6,4.300000190734863,'00112254-3230-11ee-812d-0242ac12000a','c889e900-33f4-11ee-812d-0242ac12000a','f01a8263-32f1-11ee-812d-0242ac12000a'),
('d8718b65-0384-40cd-a26f-767d55656621',1,6,9.100000381469727,'00112254-3230-11ee-812d-0242ac12000a','c889e900-33f4-11ee-812d-0242ac12000a','f01a8264-32f1-11ee-812d-0242ac12000a'),
('9b4e62ab-24f3-4948-9549-3c2155882f75',0,6,4.400000095367432,'00112256-3230-11ee-812d-0242ac12000a','c889e900-33f4-11ee-812d-0242ac12000a','f01a8263-32f1-11ee-812d-0242ac12000a'),
('1a53f718-0550-47a7-aa42-d91722159fab',1,6,9,'00112256-3230-11ee-812d-0242ac12000a','c889e900-33f4-11ee-812d-0242ac12000a','f01a8264-32f1-11ee-812d-0242ac12000a'),
('74194e38-3cd2-4a91-88dd-beb65bebee14',0,7,4.400000095367432,'0011225e-3230-11ee-812d-0242ac12000a','c889e900-33f4-11ee-812d-0242ac12000a','f01a8259-32f1-11ee-812d-0242ac12000a'),
('8874bd0b-5067-4754-a765-2de706867e5b',1,7,9.300000190734863,'0011225e-3230-11ee-812d-0242ac12000a','c889e900-33f4-11ee-812d-0242ac12000a','f01a825a-32f1-11ee-812d-0242ac12000a'),
('23a30877-ed8a-4104-ac21-8bfe0025fb6d',0,0,4.099999904632568,'00112265-3230-11ee-812d-0242ac12000a','c889e900-33f4-11ee-812d-0242ac12000a','f01a8257-32f1-11ee-812d-0242ac12000a'),
('fe9a6496-b828-4240-af54-b8c342e1f1b2',1,0,9.5,'00112265-3230-11ee-812d-0242ac12000a','c889e900-33f4-11ee-812d-0242ac12000a','f01a8258-32f1-11ee-812d-0242ac12000a'),
('f5e9197c-2339-45a5-8c6f-e3874a9860fa',0,0,4.199999809265137,'00112266-3230-11ee-812d-0242ac12000a','c889e900-33f4-11ee-812d-0242ac12000a','f01a8257-32f1-11ee-812d-0242ac12000a'),
('87484e32-41d0-4907-8c20-eaf935c63e72',1,0,9.100000381469727,'00112266-3230-11ee-812d-0242ac12000a','c889e900-33f4-11ee-812d-0242ac12000a','f01a8258-32f1-11ee-812d-0242ac12000a'),
('1d8c6114-b43b-4208-b5c9-1bf5a71190c4',1,0,9.300000190734863,'00112264-3230-11ee-812d-0242ac12000a','c889e900-33f4-11ee-812d-0242ac12000a','f01a8258-32f1-11ee-812d-0242ac12000a'),
('dcaf8a2f-5822-4800-b9e4-803aedd2ec8f',0,0,4,'00112264-3230-11ee-812d-0242ac12000a','c889e900-33f4-11ee-812d-0242ac12000a','f01a8257-32f1-11ee-812d-0242ac12000a'),
('92cb54cb-4eba-4a3f-8d45-4634e75e9386',0,3,4.099999904632568,'00112257-3230-11ee-812d-0242ac12000a','c889e900-33f4-11ee-812d-0242ac12000a','f01a8265-32f1-11ee-812d-0242ac12000a'),
('f20d1236-e19e-4832-be48-bf025db8ae0a',1,3,9.100000381469727,'00112257-3230-11ee-812d-0242ac12000a','c889e900-33f4-11ee-812d-0242ac12000a','f01a8266-32f1-11ee-812d-0242ac12000a'),
('434fc185-13e4-432d-bbde-181ea99cb316',0,3,4.199999809265137,'00112258-3230-11ee-812d-0242ac12000a','c889e900-33f4-11ee-812d-0242ac12000a','f01a8265-32f1-11ee-812d-0242ac12000a'),
('ab3a791f-62a0-4089-921c-02627b1cf17e',1,3,9.100000381469727,'00112258-3230-11ee-812d-0242ac12000a','c889e900-33f4-11ee-812d-0242ac12000a','f01a8266-32f1-11ee-812d-0242ac12000a'),
('0a70e740-a3d5-4747-962c-98aedc5af545',0,3,4.199999809265137,'00112259-3230-11ee-812d-0242ac12000a','c889e900-33f4-11ee-812d-0242ac12000a','f01a8265-32f1-11ee-812d-0242ac12000a'),
('ee2f373e-b97a-4d63-8120-c3ab5c9ec487',1,3,9.300000190734863,'00112259-3230-11ee-812d-0242ac12000a','c889e900-33f4-11ee-812d-0242ac12000a','f01a8266-32f1-11ee-812d-0242ac12000a'),
('b01592c0-b521-4831-8b31-c37625c6afe4',0,3,4.400000095367432,'6b0afab0-33a3-11ee-812d-0242ac12000a','c889e900-33f4-11ee-812d-0242ac12000a','f01a8265-32f1-11ee-812d-0242ac12000a'),
('ffb30d4b-6515-4d3b-9ee0-72e0bb16a0a6',1,3,9.300000190734863,'6b0afab0-33a3-11ee-812d-0242ac12000a','c889e900-33f4-11ee-812d-0242ac12000a','f01a8266-32f1-11ee-812d-0242ac12000a'),
('29de34ac-84ca-4dd4-8173-12a9e42c4fab',0,6,4.400000095367432,'00112260-3230-11ee-812d-0242ac12000a','c889e900-33f4-11ee-812d-0242ac12000a','f01a8263-32f1-11ee-812d-0242ac12000a'),
('47138faf-0bd5-4c28-a50e-7269536b2ce4',1,6,9,'00112260-3230-11ee-812d-0242ac12000a','c889e900-33f4-11ee-812d-0242ac12000a','f01a8264-32f1-11ee-812d-0242ac12000a'),
('674ce3c2-5bcf-45b1-9d26-9130065f5090',0,6,4.199999809265137,'00112261-3230-11ee-812d-0242ac12000a','c889e900-33f4-11ee-812d-0242ac12000a','f01a8263-32f1-11ee-812d-0242ac12000a'),
('5d7f0869-6de5-4d5e-a738-07f93e822ed1',1,6,9,'00112261-3230-11ee-812d-0242ac12000a','c889e900-33f4-11ee-812d-0242ac12000a','f01a8264-32f1-11ee-812d-0242ac12000a'),
('753d95d7-81b1-419e-ba9e-6233a49f7d6f',0,6,4.199999809265137,'00112262-3230-11ee-812d-0242ac12000a','c889e900-33f4-11ee-812d-0242ac12000a','f01a8263-32f1-11ee-812d-0242ac12000a'),
('dc147a4a-18ca-4830-8dbe-0140d2c9382c',1,6,9.199999809265137,'00112262-3230-11ee-812d-0242ac12000a','c889e900-33f4-11ee-812d-0242ac12000a','f01a8264-32f1-11ee-812d-0242ac12000a'),
('9a4067aa-4869-4eab-bda9-f960f56b3ce1',0,6,4.099999904632568,'00112263-3230-11ee-812d-0242ac12000a','c889e900-33f4-11ee-812d-0242ac12000a','f01a8263-32f1-11ee-812d-0242ac12000a'),
('92a60789-f71e-483d-9753-39dc9c1658ec',1,6,9.199999809265137,'00112263-3230-11ee-812d-0242ac12000a','c889e900-33f4-11ee-812d-0242ac12000a','f01a8264-32f1-11ee-812d-0242ac12000a'),
('8b16a402-0c62-4f88-b505-1e2bce0aac58',0,7,4.300000190734863,'00112268-3230-11ee-812d-0242ac12000a','c889e900-33f4-11ee-812d-0242ac12000a','f01a8259-32f1-11ee-812d-0242ac12000a'),
('98f7dcec-004e-4c3d-a62d-4e934a6a6713',1,7,9.399999618530273,'00112268-3230-11ee-812d-0242ac12000a','c889e900-33f4-11ee-812d-0242ac12000a','f01a825a-32f1-11ee-812d-0242ac12000a'),
('664e2f3d-504c-42ee-b290-1ebfb82307e5',0,7,4.099999904632568,'00112269-3230-11ee-812d-0242ac12000a','c889e900-33f4-11ee-812d-0242ac12000a','f01a8259-32f1-11ee-812d-0242ac12000a'),
('3b8b261b-9651-4806-966f-7c68395fffd3',1,7,9.100000381469727,'00112269-3230-11ee-812d-0242ac12000a','c889e900-33f4-11ee-812d-0242ac12000a','f01a825a-32f1-11ee-812d-0242ac12000a'),
('ea21d6e9-68a5-4b89-8479-440ea4329f2f',0,7,4.400000095367432,'0011226a-3230-11ee-812d-0242ac12000a','c889e900-33f4-11ee-812d-0242ac12000a','f01a8259-32f1-11ee-812d-0242ac12000a'),
('8824c19f-0871-4c9f-b903-1c0b83893744',1,7,9.100000381469727,'0011226a-3230-11ee-812d-0242ac12000a','c889e900-33f4-11ee-812d-0242ac12000a','f01a825a-32f1-11ee-812d-0242ac12000a'),
('0bc7ab37-12b5-4619-b3ad-10661fb4e790',0,7,4.099999904632568,'0011226b-3230-11ee-812d-0242ac12000a','c889e900-33f4-11ee-812d-0242ac12000a','f01a8259-32f1-11ee-812d-0242ac12000a'),
('60308071-3ada-4cc5-8cd0-55250bf43c40',1,7,9.100000381469727,'0011226b-3230-11ee-812d-0242ac12000a','c889e900-33f4-11ee-812d-0242ac12000a','f01a825a-32f1-11ee-812d-0242ac12000a'),
('8bdfa974-0938-4499-a31f-8a17c5c9751b',0,0,3.799999952316284,'00112250-3230-11ee-812d-0242ac12000a','c889e900-33f4-11ee-812d-0242ac12000a','f01a8257-32f1-11ee-812d-0242ac12000a'),
('62683ae9-92fe-42d9-8b91-72295611058c',1,0,9.300000190734863,'00112250-3230-11ee-812d-0242ac12000a','c889e900-33f4-11ee-812d-0242ac12000a','f01a8258-32f1-11ee-812d-0242ac12000a'),
('672895f2-20cf-4ed1-a065-19e90b7ee80a',0,0,3.9000000953674316,'00112251-3230-11ee-812d-0242ac12000a','c889e900-33f4-11ee-812d-0242ac12000a','f01a8257-32f1-11ee-812d-0242ac12000a'),
('7ac816c0-dd95-4d91-8049-ec53c3a32308',1,0,9.300000190734863,'00112251-3230-11ee-812d-0242ac12000a','c889e900-33f4-11ee-812d-0242ac12000a','f01a8258-32f1-11ee-812d-0242ac12000a'),
('7ad0e905-f3af-4002-827b-0ccfe2169ca8',0,0,4.099999904632568,'00112252-3230-11ee-812d-0242ac12000a','c889e900-33f4-11ee-812d-0242ac12000a','f01a8257-32f1-11ee-812d-0242ac12000a'),
('735212a1-4f17-43d5-9e84-a941d6bf20b7',1,0,9.300000190734863,'00112252-3230-11ee-812d-0242ac12000a','c889e900-33f4-11ee-812d-0242ac12000a','f01a8258-32f1-11ee-812d-0242ac12000a'),
('53b50734-5e00-496c-9186-a49fe8637bca',0,0,4.400000095367432,'00112253-3230-11ee-812d-0242ac12000a','c889e900-33f4-11ee-812d-0242ac12000a','f01a8257-32f1-11ee-812d-0242ac12000a'),
('d98e6691-9f83-4307-8ce5-d60fdeebd3a3',1,0,9.300000190734863,'00112253-3230-11ee-812d-0242ac12000a','c889e900-33f4-11ee-812d-0242ac12000a','f01a8258-32f1-11ee-812d-0242ac12000a'),
('9e3c3f2c-fe49-4937-ba08-ed622d9244d8',0,3,4.400000095367432,'00112263-3230-11ee-812d-0242ac12000a','c889e900-33f4-11ee-812d-0242ac12000a','f01a8265-32f1-11ee-812d-0242ac12000a'),
('9a64a233-9656-439a-928d-0d55fa351d17',1,3,9.300000190734863,'00112263-3230-11ee-812d-0242ac12000a','c889e900-33f4-11ee-812d-0242ac12000a','f01a8266-32f1-11ee-812d-0242ac12000a'),
('b2ab16b8-6748-4e37-86ea-cdfeae292a3a',0,3,4.199999809265137,'00112260-3230-11ee-812d-0242ac12000a','c889e900-33f4-11ee-812d-0242ac12000a','f01a8265-32f1-11ee-812d-0242ac12000a'),
('5166a326-e8bc-4c49-a136-c45284979079',1,3,9.300000190734863,'00112260-3230-11ee-812d-0242ac12000a','c889e900-33f4-11ee-812d-0242ac12000a','f01a8266-32f1-11ee-812d-0242ac12000a'),
('ac26d9a4-fcd0-4d2c-ab91-c62004b5d52f',0,3,4.400000095367432,'00112261-3230-11ee-812d-0242ac12000a','c889e900-33f4-11ee-812d-0242ac12000a','f01a8265-32f1-11ee-812d-0242ac12000a'),
('e6d047d2-4842-47f2-8002-9f23b61d4234',1,3,9.199999809265137,'00112261-3230-11ee-812d-0242ac12000a','c889e900-33f4-11ee-812d-0242ac12000a','f01a8266-32f1-11ee-812d-0242ac12000a'),
('8410ae0c-0214-4608-a3b2-da6c32cbbdc5',0,3,4.099999904632568,'00112262-3230-11ee-812d-0242ac12000a','c889e900-33f4-11ee-812d-0242ac12000a','f01a8265-32f1-11ee-812d-0242ac12000a'),
('88bd2076-5bcd-4c32-b57c-3859b77fa37d',1,3,9.199999809265137,'00112262-3230-11ee-812d-0242ac12000a','c889e900-33f4-11ee-812d-0242ac12000a','f01a8266-32f1-11ee-812d-0242ac12000a'),
('de40e13a-3f41-4795-b8d3-9335c025731d',0,6,4.099999904632568,'0011226b-3230-11ee-812d-0242ac12000a','c889e900-33f4-11ee-812d-0242ac12000a','f01a8263-32f1-11ee-812d-0242ac12000a'),
('603e0c5c-3335-406e-9742-2218e82baae1',1,6,9.199999809265137,'0011226b-3230-11ee-812d-0242ac12000a','c889e900-33f4-11ee-812d-0242ac12000a','f01a8264-32f1-11ee-812d-0242ac12000a'),
('faf02cdb-bc5e-4684-a2a1-8612170af7bf',0,6,4.300000190734863,'00112268-3230-11ee-812d-0242ac12000a','c889e900-33f4-11ee-812d-0242ac12000a','f01a8263-32f1-11ee-812d-0242ac12000a'),
('f9906a91-1f55-424e-9abb-693a294cf13b',1,6,9.199999809265137,'00112268-3230-11ee-812d-0242ac12000a','c889e900-33f4-11ee-812d-0242ac12000a','f01a8264-32f1-11ee-812d-0242ac12000a'),
('48c442fc-3965-4c94-97e1-126fd11c307e',0,6,4.199999809265137,'00112269-3230-11ee-812d-0242ac12000a','c889e900-33f4-11ee-812d-0242ac12000a','f01a8263-32f1-11ee-812d-0242ac12000a'),
('433de074-9f68-4313-a6e9-1208d04ef590',1,6,9.399999618530273,'00112269-3230-11ee-812d-0242ac12000a','c889e900-33f4-11ee-812d-0242ac12000a','f01a8264-32f1-11ee-812d-0242ac12000a'),
('00108199-749e-4101-8629-c66dd45bb2d8',0,6,4.199999809265137,'0011226a-3230-11ee-812d-0242ac12000a','c889e900-33f4-11ee-812d-0242ac12000a','f01a8263-32f1-11ee-812d-0242ac12000a'),
('b0600b44-28bd-41a7-8203-725f184f9ad1',1,6,9.699999809265137,'0011226a-3230-11ee-812d-0242ac12000a','c889e900-33f4-11ee-812d-0242ac12000a','f01a8264-32f1-11ee-812d-0242ac12000a'),
('3663b7b2-a504-4435-8e1b-2d554115d6ea',0,7,4.099999904632568,'00112253-3230-11ee-812d-0242ac12000a','c889e900-33f4-11ee-812d-0242ac12000a','f01a8259-32f1-11ee-812d-0242ac12000a'),
('a852fcdd-6f8f-4305-a463-a3cf1b76a4d0',1,7,9.100000381469727,'00112253-3230-11ee-812d-0242ac12000a','c889e900-33f4-11ee-812d-0242ac12000a','f01a825a-32f1-11ee-812d-0242ac12000a'),
('a5d240fb-f2ff-4d24-853b-9dd6ac268437',0,7,4.300000190734863,'00112250-3230-11ee-812d-0242ac12000a','c889e900-33f4-11ee-812d-0242ac12000a','f01a8259-32f1-11ee-812d-0242ac12000a'),
('77ceb97d-db22-4206-8d18-cc9276191f1d',1,7,9.300000190734863,'00112250-3230-11ee-812d-0242ac12000a','c889e900-33f4-11ee-812d-0242ac12000a','f01a825a-32f1-11ee-812d-0242ac12000a'),
('843285cc-a284-49a9-887d-6ef4f8220ef3',0,7,4.599999904632568,'00112251-3230-11ee-812d-0242ac12000a','c889e900-33f4-11ee-812d-0242ac12000a','f01a8259-32f1-11ee-812d-0242ac12000a'),
('aac53298-4038-436e-af74-2a52529145de',1,7,9.5,'00112251-3230-11ee-812d-0242ac12000a','c889e900-33f4-11ee-812d-0242ac12000a','f01a825a-32f1-11ee-812d-0242ac12000a'),
('989556fd-fd9c-40ec-8679-38f6ec52bdf3',0,7,4.300000190734863,'00112252-3230-11ee-812d-0242ac12000a','c889e900-33f4-11ee-812d-0242ac12000a','f01a8259-32f1-11ee-812d-0242ac12000a'),
('3cfb32e8-9df4-4f1e-872d-1ca0ada78eda',1,7,9.5,'00112252-3230-11ee-812d-0242ac12000a','c889e900-33f4-11ee-812d-0242ac12000a','f01a825a-32f1-11ee-812d-0242ac12000a'),
('11a75a47-a9ec-47b0-83d0-613915711adf',0,0,4,'6b0afab0-33a3-11ee-812d-0242ac12000a','c889e900-33f4-11ee-812d-0242ac12000a','f01a8257-32f1-11ee-812d-0242ac12000a'),
('0e59355d-12fc-43eb-beef-abb133bc6cad',1,0,9.300000190734863,'6b0afab0-33a3-11ee-812d-0242ac12000a','c889e900-33f4-11ee-812d-0242ac12000a','f01a8258-32f1-11ee-812d-0242ac12000a'),
('774d531e-087d-4d16-be9c-89b4a46bea2d',1,0,9.5,'00112257-3230-11ee-812d-0242ac12000a','c889e900-33f4-11ee-812d-0242ac12000a','f01a8258-32f1-11ee-812d-0242ac12000a'),
('0496f772-ea6f-4027-adfb-a08d23e5eecc',0,0,4,'00112257-3230-11ee-812d-0242ac12000a','c889e900-33f4-11ee-812d-0242ac12000a','f01a8257-32f1-11ee-812d-0242ac12000a'),
('147b8e96-9647-48cd-9672-31fedd074636',0,0,4.199999809265137,'00112258-3230-11ee-812d-0242ac12000a','c889e900-33f4-11ee-812d-0242ac12000a','f01a8257-32f1-11ee-812d-0242ac12000a'),
('64ad3dce-4f5b-4756-b987-19b7cad27c80',1,0,9.5,'00112258-3230-11ee-812d-0242ac12000a','c889e900-33f4-11ee-812d-0242ac12000a','f01a8258-32f1-11ee-812d-0242ac12000a'),
('2102daa5-61f1-4419-b044-a437ee9bff71',0,0,4.199999809265137,'00112259-3230-11ee-812d-0242ac12000a','c889e900-33f4-11ee-812d-0242ac12000a','f01a8257-32f1-11ee-812d-0242ac12000a'),
('d12225b0-a1ce-492a-b416-7232a30d77a1',1,0,9.199999809265137,'00112259-3230-11ee-812d-0242ac12000a','c889e900-33f4-11ee-812d-0242ac12000a','f01a8258-32f1-11ee-812d-0242ac12000a'),
('31756aa8-7abb-4949-ba3e-60b502e00a1a',0,3,4.099999904632568,'0011226a-3230-11ee-812d-0242ac12000a','c889e900-33f4-11ee-812d-0242ac12000a','f01a8265-32f1-11ee-812d-0242ac12000a'),
('7146015f-d8d2-429a-8111-5888afe96200',1,3,9.199999809265137,'0011226a-3230-11ee-812d-0242ac12000a','c889e900-33f4-11ee-812d-0242ac12000a','f01a8266-32f1-11ee-812d-0242ac12000a'),
('95d028d6-9df5-4878-aa0d-21b187a0825b',0,3,4.300000190734863,'0011226b-3230-11ee-812d-0242ac12000a','c889e900-33f4-11ee-812d-0242ac12000a','f01a8265-32f1-11ee-812d-0242ac12000a'),
('7d85f0d7-f6be-405e-8fab-b02f3ca5e810',1,3,9.199999809265137,'0011226b-3230-11ee-812d-0242ac12000a','c889e900-33f4-11ee-812d-0242ac12000a','f01a8266-32f1-11ee-812d-0242ac12000a'),
('f1c607b6-0934-4022-b449-e29dd2fa1642',0,3,4.199999809265137,'00112268-3230-11ee-812d-0242ac12000a','c889e900-33f4-11ee-812d-0242ac12000a','f01a8265-32f1-11ee-812d-0242ac12000a'),
('a6d049eb-fed0-4e9a-bdbc-4215a6e01d54',1,3,9.199999809265137,'00112268-3230-11ee-812d-0242ac12000a','c889e900-33f4-11ee-812d-0242ac12000a','f01a8266-32f1-11ee-812d-0242ac12000a'),
('3ef1dd0b-e3c4-4f56-9145-f9c74177bd61',0,3,4.5,'00112269-3230-11ee-812d-0242ac12000a','c889e900-33f4-11ee-812d-0242ac12000a','f01a8265-32f1-11ee-812d-0242ac12000a'),
('f7b6cf75-0f0d-4159-86a4-93ceb49a0972',1,3,9.100000381469727,'00112269-3230-11ee-812d-0242ac12000a','c889e900-33f4-11ee-812d-0242ac12000a','f01a8266-32f1-11ee-812d-0242ac12000a'),
('dd15c482-d715-4d69-a92c-a0e97d651d19',0,7,4.300000190734863,'00112259-3230-11ee-812d-0242ac12000a','c889e900-33f4-11ee-812d-0242ac12000a','f01a8259-32f1-11ee-812d-0242ac12000a'),
('b603ba33-689b-4168-a680-295c2819e653',1,7,9.5,'00112259-3230-11ee-812d-0242ac12000a','c889e900-33f4-11ee-812d-0242ac12000a','f01a825a-32f1-11ee-812d-0242ac12000a'),
('f521dd7c-4812-4a0f-86f6-f5c941b94acf',0,7,4.099999904632568,'6b0afab0-33a3-11ee-812d-0242ac12000a','c889e900-33f4-11ee-812d-0242ac12000a','f01a8259-32f1-11ee-812d-0242ac12000a'),
('181e2705-197e-44bc-8840-0cc4815989d3',1,7,9.100000381469727,'6b0afab0-33a3-11ee-812d-0242ac12000a','c889e900-33f4-11ee-812d-0242ac12000a','f01a825a-32f1-11ee-812d-0242ac12000a'),
('45733560-4169-464d-bcf9-36a847750ff0',0,6,4.199999809265137,'00112252-3230-11ee-812d-0242ac12000a','c889e900-33f4-11ee-812d-0242ac12000a','f01a8263-32f1-11ee-812d-0242ac12000a'),
('634fdcdf-d6a8-4a74-8b23-0b4d3b6984a5',1,6,9.699999809265137,'00112252-3230-11ee-812d-0242ac12000a','c889e900-33f4-11ee-812d-0242ac12000a','f01a8264-32f1-11ee-812d-0242ac12000a'),
('a166c237-9f4f-4437-a474-57cc3d0f240c',0,6,4.199999809265137,'00112253-3230-11ee-812d-0242ac12000a','c889e900-33f4-11ee-812d-0242ac12000a','f01a8263-32f1-11ee-812d-0242ac12000a'),
('77d13f1f-fc1b-4cc3-9fb7-34a7ba07b076',1,6,9.100000381469727,'00112253-3230-11ee-812d-0242ac12000a','c889e900-33f4-11ee-812d-0242ac12000a','f01a8264-32f1-11ee-812d-0242ac12000a');
INSERT INTO public.temp_scores (id,"type",apparatus,value,contestant_id,competition_id,judge_id) VALUES
('65cf0165-2853-4669-8fea-ba8e1ea4adbc',0,6,4.400000095367432,'00112250-3230-11ee-812d-0242ac12000a','c889e900-33f4-11ee-812d-0242ac12000a','f01a8263-32f1-11ee-812d-0242ac12000a'),
('ee36537b-87d0-495f-8327-0e1c96469a1e',1,6,9.300000190734863,'00112250-3230-11ee-812d-0242ac12000a','c889e900-33f4-11ee-812d-0242ac12000a','f01a8264-32f1-11ee-812d-0242ac12000a'),
('fbb0d7b1-2584-41d5-9583-06b0464f3052',0,6,4.099999904632568,'00112251-3230-11ee-812d-0242ac12000a','c889e900-33f4-11ee-812d-0242ac12000a','f01a8263-32f1-11ee-812d-0242ac12000a'),
('b8a85f13-48ee-400e-a170-54e32a19ffd5',1,6,9.399999618530273,'00112251-3230-11ee-812d-0242ac12000a','c889e900-33f4-11ee-812d-0242ac12000a','f01a8264-32f1-11ee-812d-0242ac12000a'),
('848f5791-927e-460e-8723-48b5f0af70bf',0,7,4,'00112257-3230-11ee-812d-0242ac12000a','c889e900-33f4-11ee-812d-0242ac12000a','f01a8259-32f1-11ee-812d-0242ac12000a'),
('0d4038e3-6cca-4daf-a569-d45786e5fdaf',1,7,9.100000381469727,'00112257-3230-11ee-812d-0242ac12000a','c889e900-33f4-11ee-812d-0242ac12000a','f01a825a-32f1-11ee-812d-0242ac12000a'),
('d6868694-c0c5-4968-8a22-88148b571d48',0,7,4.300000190734863,'00112258-3230-11ee-812d-0242ac12000a','c889e900-33f4-11ee-812d-0242ac12000a','f01a8259-32f1-11ee-812d-0242ac12000a'),
('5c449626-57c9-4f3e-bfc2-5ae521c0f0ec',1,7,9,'00112258-3230-11ee-812d-0242ac12000a','c889e900-33f4-11ee-812d-0242ac12000a','f01a825a-32f1-11ee-812d-0242ac12000a'),
('56626064-6aaa-4deb-bfc6-b766400a413e',0,0,4.199999809265137,'00112262-3230-11ee-812d-0242ac12000a','c889e900-33f4-11ee-812d-0242ac12000a','f01a8257-32f1-11ee-812d-0242ac12000a'),
('e9ac0312-1965-45ed-b989-bcc13fac6bb0',1,0,9.199999809265137,'00112262-3230-11ee-812d-0242ac12000a','c889e900-33f4-11ee-812d-0242ac12000a','f01a8258-32f1-11ee-812d-0242ac12000a'),
('88847011-46be-467a-8088-7f2830b3579c',0,0,4.199999809265137,'00112263-3230-11ee-812d-0242ac12000a','c889e900-33f4-11ee-812d-0242ac12000a','f01a8257-32f1-11ee-812d-0242ac12000a'),
('7e5d98b0-4a2f-4835-af23-c3d387a8b09a',1,0,9.100000381469727,'00112263-3230-11ee-812d-0242ac12000a','c889e900-33f4-11ee-812d-0242ac12000a','f01a8258-32f1-11ee-812d-0242ac12000a'),
('9e77bfc9-6de5-484f-92e7-f49d71bfe6a8',0,0,4.199999809265137,'00112260-3230-11ee-812d-0242ac12000a','c889e900-33f4-11ee-812d-0242ac12000a','f01a8257-32f1-11ee-812d-0242ac12000a'),
('fa9251be-aadf-44a9-84ec-d1da8395be1d',1,0,9,'00112260-3230-11ee-812d-0242ac12000a','c889e900-33f4-11ee-812d-0242ac12000a','f01a8258-32f1-11ee-812d-0242ac12000a'),
('e500e3b9-34e6-417f-9f14-dd28ffc7a44d',0,0,4.400000095367432,'00112261-3230-11ee-812d-0242ac12000a','c889e900-33f4-11ee-812d-0242ac12000a','f01a8257-32f1-11ee-812d-0242ac12000a'),
('2e0d56e3-870e-4db6-9a47-babf71aedbc7',1,0,9.300000190734863,'00112261-3230-11ee-812d-0242ac12000a','c889e900-33f4-11ee-812d-0242ac12000a','f01a8258-32f1-11ee-812d-0242ac12000a'),
('0d7044ab-78bc-4933-a64c-3e01091a035a',0,3,4.5,'00112251-3230-11ee-812d-0242ac12000a','c889e900-33f4-11ee-812d-0242ac12000a','f01a8265-32f1-11ee-812d-0242ac12000a'),
('9d09c524-e436-45fc-9276-6a18f7c70d13',1,3,9.300000190734863,'00112251-3230-11ee-812d-0242ac12000a','c889e900-33f4-11ee-812d-0242ac12000a','f01a8266-32f1-11ee-812d-0242ac12000a'),
('f9592dee-cf58-4829-8774-1df8a6d28913',0,3,4.199999809265137,'00112252-3230-11ee-812d-0242ac12000a','c889e900-33f4-11ee-812d-0242ac12000a','f01a8265-32f1-11ee-812d-0242ac12000a'),
('2467d2bc-c937-4b6a-a3fb-b0b38f0e0f52',1,3,9.5,'00112252-3230-11ee-812d-0242ac12000a','c889e900-33f4-11ee-812d-0242ac12000a','f01a8266-32f1-11ee-812d-0242ac12000a'),
('68b1fc57-1509-44cf-a251-9b497d7e2ce0',0,3,4.400000095367432,'00112253-3230-11ee-812d-0242ac12000a','c889e900-33f4-11ee-812d-0242ac12000a','f01a8265-32f1-11ee-812d-0242ac12000a'),
('9f4e3247-f03e-4d28-b226-6d5a9495f8c1',1,3,9.699999809265137,'00112253-3230-11ee-812d-0242ac12000a','c889e900-33f4-11ee-812d-0242ac12000a','f01a8266-32f1-11ee-812d-0242ac12000a'),
('0a3f5bae-b45b-4c28-95c6-27b52352fde5',0,3,4.199999809265137,'00112250-3230-11ee-812d-0242ac12000a','c889e900-33f4-11ee-812d-0242ac12000a','f01a8265-32f1-11ee-812d-0242ac12000a'),
('8c34f9c4-57b9-4444-a111-7c6cb6dc82dc',1,3,9.699999809265137,'00112250-3230-11ee-812d-0242ac12000a','c889e900-33f4-11ee-812d-0242ac12000a','f01a8266-32f1-11ee-812d-0242ac12000a'),
('7cc3640c-6766-4993-9163-c7a4b63809bf',0,6,4.099999904632568,'00112258-3230-11ee-812d-0242ac12000a','c889e900-33f4-11ee-812d-0242ac12000a','f01a8263-32f1-11ee-812d-0242ac12000a'),
('dd9e8ea4-a190-44a6-a43d-aa62b8376d53',1,6,9.399999618530273,'00112258-3230-11ee-812d-0242ac12000a','c889e900-33f4-11ee-812d-0242ac12000a','f01a8264-32f1-11ee-812d-0242ac12000a'),
('76a1ada5-4b01-4390-814d-914e78793e83',0,6,4.099999904632568,'00112259-3230-11ee-812d-0242ac12000a','c889e900-33f4-11ee-812d-0242ac12000a','f01a8263-32f1-11ee-812d-0242ac12000a'),
('71d079fe-48bf-45ab-822e-3f4ba07d0d2f',1,6,9.199999809265137,'00112259-3230-11ee-812d-0242ac12000a','c889e900-33f4-11ee-812d-0242ac12000a','f01a8264-32f1-11ee-812d-0242ac12000a'),
('b53cc0fc-907a-4c3c-a3b8-a35b42ededbc',0,6,4.400000095367432,'6b0afab0-33a3-11ee-812d-0242ac12000a','c889e900-33f4-11ee-812d-0242ac12000a','f01a8263-32f1-11ee-812d-0242ac12000a'),
('1dd68d0d-cb1a-40bc-829c-cdd741626169',1,6,9.300000190734863,'6b0afab0-33a3-11ee-812d-0242ac12000a','c889e900-33f4-11ee-812d-0242ac12000a','f01a8264-32f1-11ee-812d-0242ac12000a'),
('3b14af1c-2c2c-4243-9269-8a99dc302641',0,6,4.400000095367432,'00112257-3230-11ee-812d-0242ac12000a','c889e900-33f4-11ee-812d-0242ac12000a','f01a8263-32f1-11ee-812d-0242ac12000a'),
('f5a262f4-e0cc-4a30-a835-c773495b0b8a',1,6,9.5,'00112257-3230-11ee-812d-0242ac12000a','c889e900-33f4-11ee-812d-0242ac12000a','f01a8264-32f1-11ee-812d-0242ac12000a'),
('ac652ecd-15ba-4071-8d0e-a6b34eedad4d',0,7,4.300000190734863,'00112261-3230-11ee-812d-0242ac12000a','c889e900-33f4-11ee-812d-0242ac12000a','f01a8259-32f1-11ee-812d-0242ac12000a'),
('47a540cd-ea18-47a6-99c1-8f66e8a75a59',1,7,9,'00112261-3230-11ee-812d-0242ac12000a','c889e900-33f4-11ee-812d-0242ac12000a','f01a825a-32f1-11ee-812d-0242ac12000a'),
('ada9f426-6862-4570-9a69-dd0275030e97',0,7,4.5,'00112262-3230-11ee-812d-0242ac12000a','c889e900-33f4-11ee-812d-0242ac12000a','f01a8259-32f1-11ee-812d-0242ac12000a'),
('1fd2f563-f748-4db1-898c-9739c692487d',1,7,9.199999809265137,'00112262-3230-11ee-812d-0242ac12000a','c889e900-33f4-11ee-812d-0242ac12000a','f01a825a-32f1-11ee-812d-0242ac12000a'),
('d8c0fe16-5b79-485c-800a-0e3e95a3a91d',0,7,4.199999809265137,'00112263-3230-11ee-812d-0242ac12000a','c889e900-33f4-11ee-812d-0242ac12000a','f01a8259-32f1-11ee-812d-0242ac12000a'),
('a9a22ec8-89b5-4397-8751-86503a66c709',1,7,9.199999809265137,'00112263-3230-11ee-812d-0242ac12000a','c889e900-33f4-11ee-812d-0242ac12000a','f01a825a-32f1-11ee-812d-0242ac12000a'),
('7f536eb1-4805-49f2-bc94-5e0388a3e7bc',0,7,4.300000190734863,'00112260-3230-11ee-812d-0242ac12000a','c889e900-33f4-11ee-812d-0242ac12000a','f01a8259-32f1-11ee-812d-0242ac12000a'),
('64aa618e-2210-4a91-8061-3361eca8a70c',1,7,9.100000381469727,'00112260-3230-11ee-812d-0242ac12000a','c889e900-33f4-11ee-812d-0242ac12000a','f01a825a-32f1-11ee-812d-0242ac12000a'),
('465b8cd6-00eb-47f7-819d-e639d22d70ae',0,0,4.400000095367432,'00112269-3230-11ee-812d-0242ac12000a','c889e900-33f4-11ee-812d-0242ac12000a','f01a8257-32f1-11ee-812d-0242ac12000a'),
('ec0e2942-724b-4123-be98-d9d55435d476',1,0,9.300000190734863,'00112269-3230-11ee-812d-0242ac12000a','c889e900-33f4-11ee-812d-0242ac12000a','f01a8258-32f1-11ee-812d-0242ac12000a'),
('139ae309-2936-41e8-b3bf-9dba82537a87',0,0,4,'0011226a-3230-11ee-812d-0242ac12000a','c889e900-33f4-11ee-812d-0242ac12000a','f01a8257-32f1-11ee-812d-0242ac12000a'),
('0516608b-aa4b-4340-9767-e6d8564a525a',1,0,9.100000381469727,'0011226a-3230-11ee-812d-0242ac12000a','c889e900-33f4-11ee-812d-0242ac12000a','f01a8258-32f1-11ee-812d-0242ac12000a'),
('1a2b6406-7265-41dd-b532-ac758ac7f13e',0,0,4,'0011226b-3230-11ee-812d-0242ac12000a','c889e900-33f4-11ee-812d-0242ac12000a','f01a8257-32f1-11ee-812d-0242ac12000a'),
('0445f094-0fc5-424e-b0cc-fca59f1fa2e1',1,0,9.199999809265137,'0011226b-3230-11ee-812d-0242ac12000a','c889e900-33f4-11ee-812d-0242ac12000a','f01a8258-32f1-11ee-812d-0242ac12000a'),
('2355e7de-5d5f-4cdf-b273-810113cb663a',0,0,4.300000190734863,'00112268-3230-11ee-812d-0242ac12000a','c889e900-33f4-11ee-812d-0242ac12000a','f01a8257-32f1-11ee-812d-0242ac12000a'),
('483970b1-fd48-42f1-bd14-8922e231b03a',1,0,9.199999809265137,'00112268-3230-11ee-812d-0242ac12000a','c889e900-33f4-11ee-812d-0242ac12000a','f01a8258-32f1-11ee-812d-0242ac12000a');

